Country Name,Country Code,Currency Code,1950,1951,1952,1953,1954,1955,1956,1957,1958,1959,1960,1961,1962,1963,1964,1965,1966,1967,1968,1969,1970,1971,1972,1973,1974,1975,1976,1977,1978,1979,1980,1981,1982,1983,1984,1985,1986,1987,1988,1989,1990,1991,1992,1993,1994,1995,1996,1997,1998,1999,2000,2001,2002,2003,2004,2005,2006,2007,2008,2009,2010,2011,2012,2013,2014,2015,2016,2017,2018,2019,2020,2021
Australia,AUS,AUD,4.375,5.225,6.125,6.4,6.5,6.6,6.975,7.175,7.225,7.375,7.65,7.825,7.8,7.85,8.075,8.35,8.625,8.925,9.15,9.45,9.775,10.375,11,12,13.85,15.95,18.075,20.3,21.925,23.925,26.35,28.85,32.125,35.35,36.75,39.225,42.775,46.425,49.775,53.525,57.45,59.275,59.875,60.925,62.125,65,66.7,66.85,67.425,68.425,71.475,74.625,76.85,78.95,80.8,82.975,85.925,87.925,91.75,93.375,96.1,99.275,101.025,103.5,106.075,107.675,109.05,111.175,113.3,115.125,116.1,
Brazil,BRA,BRL,,,,,,,,,,,,,,,,,,,,,,,,,,,,,,,1.11251333333333E-08,2.24421833333333E-08,4.50063083333333E-08,1.05777283333333E-07,3.08998433333333E-07,1.00730295833333E-06,2.489477E-06,8.17385325E-06,5.959675E-05,0.000912261591667,0.0278032955,0.14813225,1.55829505833333,31.5925746666667,687.419166666667,1141.16416666667,1320.985,1412.48583333333,1457.61583333333,1528.43333333333,1636.09833333333,1748.01333333333,1895.72333333333,2174.6775,2318.145,2477.39083333333,2581.03416666667,2675.01666666667,2826.92,2965.10083333333,3114.50416666667,3321.19666666667,3500.6575,3717.84916666667,3953.15333333333,4310.11916666667,4686.78666666667,4848.31083333333,5025.99416666667,5213.61333333333,5381.0625,
Canada,CAN,CAD,12.4833333333333,13.8,14.1583333333333,14.0166666666667,14.1083333333333,14.1333333333333,14.325,14.8,15.15,15.3333333333333,15.5416666666667,15.7,15.8666666666667,16.125,16.4333333333333,16.8166666666667,17.4583333333333,18.0833333333333,18.8166666666667,19.675,20.3333333333333,20.8833333333333,21.925,23.5666666666667,26.1583333333333,28.95,31.1333333333333,33.6166666666667,36.6333333333333,39.9833333333333,44.0333333333333,49.525,54.8583333333333,58.075,60.575,62.975,65.6166666666667,68.475,71.2333333333333,74.7833333333333,78.3583333333333,82.7666666666667,84,85.5666666666667,85.7083333333333,87.55,88.925,90.3666666666667,91.2666666666667,92.85,95.375,97.7833333333333,99.9916666666667,102.75,104.658333333333,106.975,109.116666666667,111.45,114.091666666667,114.433333333333,116.466666666667,119.858333333333,121.675,122.816666666667,125.158333333333,126.566666666667,128.375,130.425,133.383333333333,135.983333333333,136.958333333333,
Switzerland,CHE,CHF,,,,,,23.1942975,23.5448241666667,24.0073358333333,24.4494508333333,24.2906458333333,24.6401408333333,25.0948475,26.1779408333333,27.0785175,27.9126858333333,28.8657591666667,30.2443833333333,31.4557291666667,32.2093541666667,33.0110533333333,34.2047291666667,36.4530833333333,38.8808591666667,42.2847525,46.4148791666667,49.5230958333333,50.3726533333333,51.0254816666667,51.5504275,53.4308025,55.5800558333333,59.1873725,62.5344791666667,64.3791416666667,66.266375,68.5428833333333,69.0571666666667,70.0518166666667,71.3635083333333,73.6152333333333,77.5933666666667,82.1400166666667,85.4560166666667,88.2697666666667,89.02195,90.6241666666667,91.359725,91.8349916666667,91.851475,92.5922083333333,94.035275,94.9653,95.57565,96.1857083333333,96.9579666666667,98.0942666666667,99.1336,99.8595916666667,102.282233333333,101.7908,102.491358333333,102.728458333333,102.017016666667,101.795325,101.781858333333,100.617575,100.180283333333,100.715041666667,101.034083333333,101.400733333333,100.664691666667,
"China, P.R.: Mainland",CHN,CNY,,,,,,,,,,,,,,,,,,,,,,,,,,,,,,,,,,,,,,,,,,,,39.8208658333333,49.4802091666667,57.7885425,62.5925966666667,64.3367175,63.839275,62.944585,63.1635133333333,63.6177383333333,63.152075,63.86418,66.3067533333333,67.4846358333333,68.5977483333333,71.9019425,76.1623133333333,75.6077258333333,78.0085166666667,82.3410308333333,84.4979741666667,86.7127083333333,88.3790158333333,89.6490433333333,91.4420258333333,92.8988216666667,94.8262775,97.5755133333333,99.9362766666667,
Czech Rep.,CZE,CZK,,,,,,,,,,,,,,,,,,,,,,,,,,,,,,,,,,,,,,,,,,32.4515625,36.049305,43.5522575,47.9246558333333,52.2333333333333,56.8083333333333,61.6916666666667,68.2916666666667,69.75,72.3833333333333,75.7583333333333,77.2,77.2916666666667,79.425,80.9,82.95,85.3166666666667,90.7416666666667,91.6666666666667,93.0166666666667,94.8,97.9166666666667,99.325,99.6666666666667,99.975,100.658333333333,103.125,105.341666666667,108.341666666667,111.766666666667,
Denmark,DNK,DKK,,,,,,,,,,,,,,,,,,11.4254175,12.3400458333333,12.7704566666667,13.6024316666667,14.4008766666667,15.3459141666667,16.7736033333333,19.3358058333333,21.1931283333333,23.1026908333333,25.6260216666667,28.243375,30.95786,34.767325,38.8585308333333,42.791335,45.7474583333333,48.62533,50.9003883333333,52.7725983333333,54.8940533333333,57.3835716666667,60.1223308333333,61.7105241666667,63.1885858333333,64.5130466666667,65.3245283333333,66.6258025,68.0140233333333,69.4602041666667,70.9759416666667,72.28591,74.0914641666667,76.2425483333333,78.025,79.9166666666667,81.575,82.5166666666667,84.0166666666667,85.6333333333333,87.0833333333333,90.0583333333333,91.2333333333333,93.3416666666667,95.9166666666667,98.2166666666667,98.9916666666667,99.55,100,100.25,101.4,102.225,103,103.433333333333,
United Kingdom,GBR,GBP,,,,,,4.96350908333333,5.2107145,5.40305783333333,5.564762,5.59710308333333,5.65327425,5.84817066666667,6.09358908333333,6.21659083333333,6.42059366666667,6.72709833333333,6.99010216666667,7.16360458333333,7.50010975,7.9086155,8.41212291666667,9.20663425,9.85764441666667,10.7641566666667,12.4911591666667,15.51493,18.0841283333333,20.9487025,22.6797233333333,25.7236325,30.3451208333333,33.9490975,36.8683341666667,38.5677075,40.48094,42.9386975,44.4104683333333,46.2530241666667,48.175,50.95,55.0583333333333,59.1666666666667,61.8833333333333,63.4666666666667,64.875,66.625,68.525,70.0333333333333,71.3083333333333,72.5583333333333,73.4166666666667,74.5416666666667,75.675,76.7166666666667,77.7833333333333,79.4083333333333,81.3583333333333,83.3,86.2333333333333,87.925,90.1166666666667,93.5916666666667,96,98.2,99.625,99.9916666666667,101,103.583333333333,105.958333333333,107.8,108.866666666667,
"China, P.R.: Hong Kong",HKG,HKD,,,,,,,,,,,,,,,,,,,,,,,,,,,,,,,,,,,,,,,,,,,,,,,,,,,,,,,,73.2333333333333,74.7083333333333,76.225,79.5,79.9583333333333,81.8083333333333,86.125,89.625,93.5,97.65,100.575,103,104.525,107.041666666667,110.108333333333,110.466666666667,
"Croatia, Rep. of",HRV,HRK,,,,,,,,,,,,,,,,,,,,,,,,,,,,,,,,,,,,,,,,,,,,,,,,,,,,,,,,79.9416666666667,82.4916666666667,84.8833333333333,90.0416666666667,92.1833333333333,93.1333333333333,95.25,98.5,100.683333333333,100.466666666667,100,98.875,99.9916666666667,101.491666666667,102.275,,
Hungary,HUN,HUF,,,,,,,,,,,,,,,,,,,,,,,,,,,,,,,4.0400635,4.22838758333333,4.51743191666667,4.84629625,5.25667358333333,5.62161,5.91908658333333,6.43252675,7.44394825,8.72052225,11.1944995,15.0921491666667,18.6623058333333,22.85465,27.1668825,34.8565958333333,43.0371008333333,50.9150741666667,58.1214866666667,63.9323241666667,70.2,76.6,80.6333333333333,84.3916666666667,90.0833333333333,93.2916666666667,96.9583333333333,104.675,111,115.675,121.291666666667,126.058333333333,133.183333333333,135.491666666667,135.183333333333,135.1,135.633333333333,138.818333333333,142.775,147.541666666667,152.45,
Indonesia,IDN,IDR,,,,,,,,,,,,,,,,,,,0.810117741666667,0.935522916666667,1.05152275,1.09604158333333,1.16752266666667,1.52994366666667,2.14944525,2.56140141666667,3.06929283333333,3.40851383333333,3.68503233333333,4.283215,5.05571125,5.67584016666667,6.21194733333333,6.944941,7.671037,8.03345791666667,8.50121941666667,9.29001833333333,10.0374344166667,10.68139,11.5165883333333,12.6013425,13.5494066666667,14.8598908333333,16.1277375,17.6470225,19.0540691666667,20.2404025,32.0711291666667,38.6386008333333,40.0638316666667,44.6712183333333,49.9871458333333,53.3649358333333,56.6010175,62.5176341666667,70.7128658333333,75.24313,82.9379925,86.5759975,91.0209858333333,95.8961133333333,99.9999875,106.4125,113.2175,120.421666666667,124.6675,129.415833333333,133.555,137.6025,140.2458,
Israel,ISR,ILS,,,,,,,,,,,,,,,,,,,,,0.001419384583333,0.0015893215,0.001794049333333,0.00215344,0.0030079245,0.004190241333333,0.00550224225,0.00740693775,0.011151215333333,0.019883733333333,0.045936395,0.099590099166667,0.219461116666667,0.539767975,2.55426666666667,10.4416666666667,15.4583333333333,18.5,21.525,25.875,30.325,36.075,40.4,44.825,50.375,55.4083333333333,61.7,67.2083333333333,70.8916666666667,74.55,75.3333333333333,76.2,80.575,81.1583333333333,80.825,81.8833333333333,83.6166666666667,84.0083333333333,87.8666666666667,90.7916666666667,93.25,96.4833333333333,98.1083333333333,99.65,100.133333333333,99.5,98.9583333333333,99.2,100.008333333333,100.85,100.258333333333,
India,IND,INR,,,,,,,,1.88727014231186,1.97739043660051,2.06751077032878,2.10430993650952,2.13998247083293,2.2177112345168,2.2830485859147,2.58795568676361,2.83315824054481,3.13919169717379,3.54923927282482,3.66414278608149,3.64273918660823,3.82823699612368,3.946144348285,4.20035881317625,4.91193387018143,6.31668477577772,6.67979499723711,6.16986294509423,6.68242246395753,6.85102324086868,7.28097176690789,8.1070761736036,9.17012033889493,9.89371094871677,11.0679046075662,11.988633311845,12.6547726383138,13.7594989482787,14.9704897618888,16.3752414562773,17.5336718923885,19.1066583641209,21.7567989154932,24.3214505658068,25.8602421081495,28.5103830539179,31.4255372660313,34.2466556195211,36.7001723689317,41.5559130792723,43.4964995774994,45.2404638513492,46.9502335902054,48.967756510381,50.8314002763223,52.7463470850425,54.9861382294397,58.1734225852579,61.8807457873015,67.047334505043,74.343662083533,83.2570136118504,90.6322204074052,99.0722966333341,110.033333333333,117.35,123.108333333333,129.2,133.5,138.766666666667,143.933333333333,153.466666666667,
Iceland,ISL,ISK,,,,,,0.042788318333333,0.0470932425,0.049093509166667,0.051963455833333,0.052485268333333,0.053528885833333,0.0560509575,0.062225699166667,0.0702702475,0.0837937925,0.089925045,0.0995350175,0.1028398,,,,,,,,,0.652655183333333,0.850518966666667,1.222621,1.76600825,2.79962508333333,4.24964166666667,6.38479875,11.74484025,15.368405,20.2854691666667,24.7743191666667,29.3074666666667,36.8469616666667,44.4957258333333,51.3973341666667,54.896865,57.064035,59.37105,60.2928783333333,61.2884533333333,62.6738291666667,63.8116291666667,64.8704183333333,66.9669216666667,70.4066583333333,74.916265,78.80968,80.4297416666667,82.9698683333333,86.2779166666667,92.0473891666667,96.6972158333333,108.972341666667,122.052433333333,128.639275,133.786166666667,140.724183333333,146.173416666667,149.1621,151.598,154.170508333333,156.88455,161.093633333333,165.94895,170.67505,
Japan,JPN,JPY,,,,,,16.9791241666667,17.0462908333333,17.5744533333333,17.4904983333333,17.6797816666667,18.3117475,19.2948066666667,20.6136916666667,21.9962325,22.832175,24.3518825,25.57942,26.6,28.0202891666667,29.4913041666667,31.5333333333333,33.55,35.175,39.2583333333333,48.375,54.05,59.1166666666667,63.9416666666667,66.6333333333334,69.1,74.475,78.1333333333333,80.275,81.8,83.65,85.35,85.8583333333333,85.9666666666667,86.55,88.5166666666667,91.2416666666667,94.2083333333333,95.8666666666667,97.0583333333333,97.7333333333333,97.6083333333333,97.7416666666667,99.45,100.108333333333,99.7666666666667,99.0916666666667,98.3583333333333,97.45,97.2,97.1916666666667,96.9166666666667,97.1583333333333,97.2166666666667,98.5583333333333,97.225,96.525,96.2666666666667,96.2166666666667,96.55,99.2166666666667,100,99.8833333333333,100.35,101.333333333333,101.816666666667,101.8,
"Korea, Rep. of",KOR,KRW,,,0.234678233333333,0.357912266666667,0.49079585,0.826034941666667,1.01593489166667,1.25072525,1.20718066666667,1.24556141666667,1.34477758333333,1.45499083333333,1.55128675,1.87227325,2.42389766666667,2.75229225,3.0622385,3.39548483333333,3.76124033333333,4.22724175,4.90150125,5.56377758333333,6.21412675,6.41428558333333,7.97322608333333,9.9864065,11.5170558333333,12.6798941666667,14.5134433333333,17.1728141666667,22.1009975,26.8199258333333,28.7485058333333,29.7318816666667,30.4079675,31.155735,32.0125125,32.988785,35.346195,37.360985,40.5641666666667,44.3501666666667,47.1055,49.3670833333333,52.4603333333333,54.8109166666667,57.51025,60.0631666666667,64.5759166666667,65.1009166666667,66.5716666666667,69.27875,71.1925833333333,73.6949166666667,76.341,78.4435,80.2020833333333,82.2350833333333,86.0785833333333,88.4515,91.05125,94.7168333333333,96.7885,98.0480833333333,99.2979166666667,99.9991666666667,100.970833333333,102.934166666667,104.453333333333,104.853333333333,105.416666666667,
Belgium,BEL,L-BEF,,,,,,13.279585,13.65392,14.0864358333333,14.2680075,14.4434266666667,14.48668,14.6304858333333,14.8359866666667,15.1546641666667,15.7864258333333,16.4281758333333,17.113945,17.5812075,18.056155,18.7339816666667,19.4661941666667,20.3117333333333,21.4184041666667,22.9081141666667,25.8123791666667,29.108155,31.74786,34.0006883333333,35.5207208333333,37.1081716666667,39.5753783333333,42.593985,46.31097,49.8591358333333,53.02109,55.6025458333333,56.3222475,57.1971475,57.8611691666667,59.658945,61.7161716666667,63.7005383333333,65.2471591666667,67.0443441666667,68.6383508333333,69.6459391666667,71.0925,72.25,72.9358333333333,73.7533333333333,75.63,77.4975,78.7725,80.0241666666667,81.7025,83.975,85.4791666666667,87.0375,90.945,90.8966666666667,92.8866666666667,96.1675,98.8983333333333,99.9991666666667,100.339166666667,100.9025,102.894166666667,105.081666666667,107.239166666667,108.78,109.585833333333,
Cyprus,CYP,L-CYP,,,,,,,,,,,,,,,,,,,,,,,,,,,,,,,,,,,,,,,,,,,,,,,,,,,76.1946954921723,77.6980487729913,79.8744915913518,83.1805490257467,85.0822369348434,87.2604794578497,89.2715606718249,91.3896639957532,95.6566551018334,95.9687604337538,98.3008405069171,101.534396910883,103.960108583622,103.544935909533,102.141913568598,100,98.5708333333333,99.095,100.5175,100.769166666667,100.125833333333,
Germany,DEU,L-DEM,,,,,,20.9704808333333,21.519475,21.9706283333333,22.4380883333333,22.6392066666667,22.9870833333333,23.5143325,24.1829108333333,24.9004083333333,25.4820141666667,26.308225,27.23771,27.7269116666667,28.1345816666667,28.6727016666667,29.6619791666667,31.2165558333333,32.9287641666667,35.2443233333333,37.7066441666667,39.9352308333333,41.6311341666667,43.1857108333333,44.3597966666667,46.1535391666667,48.6647791666667,51.75219,54.4645466666667,56.25829,57.6117491666667,58.8021408333333,58.7260433333333,58.8728033333333,59.6229158333333,61.2807666666667,62.933185,65.4801141666667,68.79143,71.8695541666667,73.8050425,75.064275,76.1525016666667,77.62938,78.3367275,78.7953366666667,79.9302008333333,81.5159016666667,82.6740841666667,83.5291225,84.920495,86.2341383333333,87.59442,89.6076391666667,91.96287,92.2504725,93.2687416666667,95.2042308333333,97.1163991666667,98.57773,99.4716308333333,99.9833333333333,100.475,101.991666666667,103.758333333333,105.258333333333,105.791666666667,106.93
Ecuador,ECU,L-ECS,,,,,,,,,,,,,,,,,,,,,,,,,,,,,,,,,,,,,,,,,,,,,,,,,,,,,,,,68.1327500596765,70.380278104785,71.9822632831427,78.0288424586199,82.0551059879514,84.9716540861596,88.7737384982522,93.302727676403,95.8422187176763,99.2822069595927,103.220380881551,105.004302218628,105.442522541418,105.206222425733,105.486084144434,105.128620927274,
Spain,ESP,L-ESP,,,,,,1.86327858333333,1.97232983333333,2.18479791666667,2.47710125,2.65817191666667,2.68947875,2.7112435,2.86596025,3.116551,3.33406291666667,3.7746305,4.010181,4.26649741666667,4.47787508333333,4.57461241666667,4.83679058333333,5.23519125,5.66826133333333,6.31539025,7.30566733333333,8.54421775,10.0501255,12.5162316666667,14.9911516666667,17.3388,20.0370458333333,22.9523075,26.2608816666667,29.4579033333333,32.7808325,35.6702841666667,38.8074641666667,40.8440883333333,42.819825,45.7279066666667,48.8016566666667,51.69765,54.760495,57.2625408333333,59.9644241666667,62.7670433333333,65.0008225,66.28204,67.4978708333333,69.0573058333333,71.4284,73.9925616666667,76.261,78.57875,80.9669166666667,83.69425,86.6364166666667,89.051,92.6804166666667,92.4135,94.0768333333333,97.0836666666667,99.4583333333333,100.85925,100.707083333333,100.203083333333,100,101.956083333333,103.663916666667,104.389083333333,104.05225,
Finland,FIN,L-FIM,,,,,,5.42278625,6.054611,6.73643691666667,7.12841925,7.23189625,7.47909166666667,7.60556325,7.93898983333333,8.33565208333333,9.19221208333333,9.64636141666667,10.0200280833333,10.5588833333333,11.5294208333333,11.783715,12.1066383333333,12.8906358333333,13.7494741666667,15.2281575,17.8072591666667,20.9789808333333,23.9879316666667,26.8169116666667,28.9084566666667,31.06704,34.669145,38.5887541666667,42.2874583333333,45.8253508333333,49.0641291666667,51.6133158333333,53.1274333333333,55.31258,58.1257383333333,61.9579158333333,65.7680583333333,68.6028016666667,70.6055391666667,72.1522616666667,72.93768,73.5147916666667,73.9773425,74.8595658333333,75.9072058333333,76.7894233333333,79.125435,81.1656375,82.4409283333333,83.1642983333333,83.3199158333333,83.8397275,85.1532141666667,87.2911266666667,90.8403433333333,90.8403425,91.916015,95.0566083333333,97.7261175,99.1707891666667,100.203351666667,99.995,100.351666666667,101.108333333333,102.204166666667,103.250833333333,103.550833333333,
France,FRA,L-FRF,,,,,,7.40906533333333,7.54963858333333,7.78048166666667,8.96782408333333,9.489326,9.882178,10.1193958333333,10.6588891666667,11.1917433333333,11.5511316666667,11.8633708333333,12.1720558333333,12.5118725,13.0803125,13.8711433333333,14.6062641666667,15.39464,16.3280175,17.5331233333333,19.926275,22.254845,24.3969841666667,26.7133691666667,29.184505,32.2917016666667,36.6712891666667,41.5538533333333,46.53137,50.9330275,54.8415275,58.0393916666667,59.5127366666667,61.47005,63.1302425,65.3387291666667,67.4258333333333,69.5925,71.2375,72.7366666666667,73.9408333333333,75.2691666666667,76.7616666666667,77.6858333333333,78.1916666666667,78.6116666666667,79.9291666666667,81.2358333333333,82.7983333333333,84.5358333333333,86.3466666666667,87.8541666666667,89.3258333333333,90.655,93.205,93.2866666666667,94.715,96.715,98.605,99.4566666666667,99.9616666666667,99.9991666666667,100.1825,101.216666666667,103.09,104.2325,104.729166666667,
Greece,GRC,L-GRD,,,,,,1.04941583333333,1.08752133333333,1.11217783333333,1.12767058333333,1.157099,1.174199,1.198899,1.193199,1.231199,1.238799,1.278699,1.34139883333333,1.36609841666667,1.36799808333333,1.404098,1.443998,1.491498,1.556098,1.795498,2.27239725,2.582097,2.91839691666667,3.279396,3.691696,4.396595,5.481494,6.82479258333333,8.25739058333333,9.92368933333333,11.75529,14.0257833333333,17.25388,20.08298,22.7999733333333,25.9134391666667,31.2084616666667,37.2803308333333,43.1993533333333,49.4249291666667,54.799435,59.6954966666667,64.5872733333333,68.1628291666667,71.4116208333333,73.2944866666667,75.6041283333333,78.1549866666667,80.9915116666667,83.85104,86.281755,89.3405066666667,92.1957791666667,94.8648483333333,98.8043933333333,100.00001,104.712983333333,108.199783333333,109.824433333333,108.811666666667,107.384916666667,105.520675,104.649441666667,105.822808333333,106.484866666667,106.75425,105.422008333333,
Ireland,IRL,L-IEP,,,,,,,,,,,,,,,,,,,,,,,,,,,17.0119075,19.30379,20.7923325,23.5567675,27.8333675,33.504005,39.248975,43.3495625,47.0997825,49.64105,51.5408325,53.1692175,54.3041525,56.5246725,58.3997775,60.2748875,62.125325,63.0382075,64.493885,66.12227,67.2818775,68.3083333333333,69.9583333333333,71.1,75.075,78.7333333333333,82.3666666666667,85.2416666666667,87.1166666666667,89.2333333333333,92.7416666666667,97.2833333333333,101.233333333333,96.7,95.8083333333333,98.2583333333333,99.925,100.433333333333,100.616666666667,100.325,100.333333333333,100.675,101.166666666667,102.116666666667,101.775,
Italy,ITA,L-ITL,,,,,,3.51582933333333,3.63475975,3.68266608333333,3.78794883333333,3.7687305,3.85730175,3.93640333333333,4.12106566666667,4.4282795,4.69009366666667,4.90205158333333,5.01708258333333,5.20438725,5.27086358333333,5.41092375,5.67975575,5.95191058333333,6.29411591666667,6.97379341666667,8.30995616666667,9.7185355,11.3331891666667,13.27457,14.8799983333333,17.0820258333333,20.6802125,24.3963016666667,28.4169133333333,32.5790183333333,36.0957591666667,39.4187316666667,41.7143,43.6945966666667,45.9047775,48.7783391666667,51.9277658333333,55.1732508333333,58.0812066666667,60.76847,63.2307125,66.5411075,69.2073941666667,70.6213758333333,72.0020841666667,73.19981,75.0573908333333,77.1478633333333,79.0498075,81.1624575,82.9534991666667,84.6003691666667,86.3692308333333,87.9495641666667,90.8939683333333,91.5981858333333,92.9955308333333,95.581395,98.4883725,99.6899241666667,99.9302241666667,99.9689875,99.875,101.1,102.25,102.875,102.733333333333,
Lithuania,LTU,L-LTL,,,,,,,,,,,,,,,,,,,,,,,,,,,,,,,,,,,,,,,,,,0.346458333333333,3.88248333333333,19.8182083333333,34.1377916666667,47.6726166666667,59.4120916666667,64.6885083333333,67.9666333333333,68.461125,69.13315,70.0782833333333,70.2755583333333,69.4784166666667,70.2872166666667,72.1557916666667,74.8537833333333,79.148275,87.795925,91.7055166666667,92.9153083333333,96.7529666666667,99.7426166666667,100.7874,100.891975,99.9999916666667,100.905516666667,104.662116666667,107.485825,109.995091666667,111.314916666667,
Luxembourg,LUX,L-LUF,,,,,,14.653085,14.7373991666667,15.4187525,15.5192141666667,15.5792566666667,15.6493041666667,15.7248016666667,15.8656875,16.3220358333333,16.8274283333333,17.3884008333333,17.9677266666667,18.3569358333333,18.8388841666667,19.27113,20.1651858333333,21.1073466666667,22.2103491666667,23.558095,25.8056916666667,28.5714608333333,31.3707058333333,33.4742666666667,34.5101816666667,36.0791966666667,38.35215,41.4482975,45.3266358333333,49.256125,52.4261791666667,54.5722908333333,54.7330408333333,54.7020275,55.4878716666667,57.358345,59.2246516666667,61.0714875,62.9977883333333,65.2582108333333,66.690475,67.9360491666667,68.7403166666667,69.6803491666667,70.3482841666667,71.0694925,73.3087266666667,75.26154,76.8225291666667,78.3972683333333,80.14214,82.1358333333333,84.3258333333333,86.2758333333333,89.2108333333333,89.5391666666667,91.575,94.6983333333333,97.22,98.9058333333333,99.5275,100,100.290833333333,102.026666666667,103.585833333333,105.391666666667,106.255833333333,
Latvia,LVA,L-LVL,,,,,,,,,,,,,,,,,,,,,,,,,,,,,,,,,,,,,,,,,,1.05071530833333,11.0503329166667,23.09404,31.3905058333333,39.2305783333333,46.1392675,50.0368283333333,52.3606458333333,53.59888,55.0215308333333,56.3899383333333,57.4832691666667,59.1747991666667,62.8391308333333,67.0797983333333,71.4642675,78.67714,90.7952441666667,94.004045,92.9844433333333,97.0485475,99.2396991666667,99.2104683333333,99.82606,99.9999991666667,100.1406325,103.075116666667,105.687508333333,108.658816666667,108.89685,
Malta,MLT,L-MTL,,,,,,,,,,,,,,,,,,,,,,,,,,,,,,,,,,,,,,,,,,,,,,,,,,,,,,,,80.4858333333333,82.7183333333333,83.7516666666667,87.3183333333333,89.1383333333333,90.4893452331433,93.1705312141151,95.3840958669628,96.5098994359043,96.80937590015,97.8748098058043,98.5038539210533,99.8477956664824,101.003857033266,102.662400985934,103.317946569936,
"Netherlands, The",NLD,L-NLG,,,,,,,,,,,,15.6030033333333,15.982335,16.5007475,17.4617125,18.1441208333333,19.1896116666667,19.8526741666667,20.5913508333333,22.1195991666667,22.9311491666667,24.64587,26.5689358333333,28.70035,31.4531225,34.6668391666667,37.7281441666667,40.1424825,41.7931466666667,43.5481633333333,46.3846541666667,49.5104833333333,52.4370941666667,53.8743125,55.6530475,56.9100183333333,56.9574516666667,56.56376,56.9811683333333,57.5977958333333,59.0112975,60.8749908333333,62.8129983333333,64.4362,66.2413975,67.5153683333333,68.9425,70.3966666666667,71.7758333333333,73.3241666666667,75.055,78.1741666666667,80.7441666666667,82.4333333333333,83.475,84.8841666666667,85.8191666666667,87.2041666666667,89.3725,90.4358333333333,91.5891666666667,93.7333333333333,96.035,98.4425,99.4033333333333,100,100.316666666667,101.7025,103.435,106.159166666667,107.51,
Portugal,PRT,L-PTE,,,,,,1.00275455833333,1.03483741666667,1.04955566666667,1.06634125,1.07750425,1.11033141666667,1.12753041666667,1.157546,1.18094675,1.22162916666667,1.26346908333333,1.32713866666667,1.40048266666667,1.48565108333333,1.61613241666667,1.719244,1.92464033333333,2.12987158333333,2.40621408333333,3.00975941666667,3.46940041666667,4.20289775,5.5065,6.665,8.12458333333333,9.41375,11.2061666666667,13.6355833333333,16.9085,21.7079166666667,25.9325833333333,29.1304166666667,31.9370833333333,35.16325,39.6241666666667,45.0251666666667,50.3604166666667,55.1745,58.9174166666667,62.111,64.7338333333333,66.7205,68.2796666666667,70.0363333333333,71.67525,73.7201666666667,76.9416666666667,79.7118333333333,82.27775,84.2239166666667,86.1418333333333,88.8188333333333,90.9984166666667,93.3539166666667,92.5739166666667,93.8723333333333,97.3015,100,100.274416666667,99.9955,100.483416666667,101.09375,102.477333333333,103.495666666667,103.845666666667,103.83275,
"Slovenia, Rep. of",SVN,L-SIT,,,,,,,,,,,,,,,,,,,,,,,,,,,,,,,0.000400087016667,0.000570615916667,0.000742442883333,0.001041005091667,0.001599733,0.002870023083333,0.005621987916667,0.013047100333333,0.038978696666667,0.538468669166667,3.5112655,7.54335475,23.3794008333333,30.8051966666667,37.2717675,42.2899375,46.4616075,50.3456491666667,54.3185083333333,57.6621316666667,62.8008333333333,68.0633333333333,73.155,77.2108333333333,79.985,81.9458333333333,83.96,87.0308333333333,91.9458333333333,92.7175,94.3875,96.0891666666667,98.585,100.329166666667,100.529166666667,100.000833333333,99.9458333333333,101.374166666667,103.136666666667,104.818333333333,104.760833333333,
Slovak Rep.,SVK,L-SKK,,,,,,,,,,,,,,,,,,,,,,,,,,,,,,,,,,,,,,,,,,39.2628708333333,43.147345,53.1950791666667,60.3314758333333,66.2687541666667,70.0963233333333,74.4016325,79.3609858333333,87.7497925,98.311165,105.517,108.816666666667,118.125,127.041666666667,130.483333333333,136.333333333333,140.091666666667,146.533333333333,148.9,150.325,156.216666666667,161.85,164.116666666667,163.991666666667,163.458333333333,162.608333333333,164.741666666667,168.883333333333,173.383333333333,176.741666666667,
"San Marino, Rep. of",SMR,L-SML,,,,,,,,,,,,,,,,,,,,,,,,,,,,,,,,,,,,,,,,,,,,,,,,,,,,,,,,,,,,,98.963591228796,101.833333333333,104.7125,106.3925,107.57660919567,107.733333333333,108.351666666667,109.485,,,,
El Salvador,SLV,L-SVC,,,,,,,,,,,,,,,,,,,,,,,,,,,,,,,,,,,,,,,,,,,,,,,,,,,,,,,,,,,,99.915,101.093333333333,106.278333333333,108.116666666667,108.935833333333,110.179166666667,109.373333333333,110.034001954751,111.147935611383,112.359814904202,112.444448962869,112.026616396221,
Mexico,MEX,MXN,,,,,,,,,,,,,,,,,,,,0.011793968333333,0.012384069166667,0.0130613575,0.013707070833333,0.015363150833333,0.019017125,0.021859145833333,0.025318295,0.032676835833333,0.038381326666667,0.045363368333333,0.057317365,0.073328261666667,0.116528448333333,0.235241733333333,0.389204641666667,0.613964283333333,1.14340605,2.65072833333333,5.67685966666667,6.81267875,8.62837158333333,10.5837641666667,12.2250833333333,13.4172075,14.351825,19.3748591666667,26.0356225,31.4056333333333,36.4080466666667,42.4465458333333,46.4753858333333,49.4348166666667,51.9217475,54.2825775,56.8275666666667,59.0938825,61.2386758333333,63.6679216666667,66.9308916666667,70.4764591666667,73.4059733333333,75.9071925,79.0281241666667,82.0362433333333,85.332965,87.6545683333333,90.1279241666667,95.5729641666667,100.255418333333,103.900666666667,107.43,
Malaysia,MYS,MYR,,,,,,,,,,,,,,,,,,,,,,,,,,,,,,,,,,,,,,,,,,,,,,,,,,,80.5326917851371,81.6736666666667,83.1502223957049,84.0562906839784,85.2509585011094,87.7872349823322,90.9556831566549,92.7996760895171,97.8487043580683,98.4194640753828,100.016666666667,103.191666666667,104.908333333333,107.116666666667,110.483333333333,112.808333333333,115.166666666667,119.625,120.683333333333,121.483333333333,120.1,
Norway,NOR,NOK,,,,,,7.22089225,7.49563283333333,7.71064691666667,8.09886641666667,8.28401775,8.313881,8.4930595,8.9410055,9.16199233333333,9.69952783333333,10.1056688333333,10.43416,10.9119683333333,11.288245,11.62271,12.8590416666667,13.6593708333333,14.6508275,15.7378416666667,17.2190508333333,19.2318241666667,20.9937425,22.9049791666667,24.7744083333333,25.8916666666667,28.7083333333333,32.625,36.325,39.4,41.85,44.2416666666667,47.4166666666667,51.55,54.9916666666667,57.4916666666667,59.8666666666667,61.925,63.3666666666667,64.8166666666667,65.7083333333333,67.325,68.175,69.925,71.5,73.1916666666667,75.45,77.7166666666667,78.7166666666667,80.675,81.0416666666667,82.2833333333333,84.2,84.8,87.9833333333333,89.9166666666667,92.0916666666667,93.275,93.925,95.9166666666667,97.875,100,103.55,105.491666666667,108.408333333333,110.758333333333,112.183333333333,
New Zealand,NZL,NZD,2.92168775,3.24373125,3.495199,3.65347975,3.82203875,3.91796675,4.054554,4.14273925,4.326948,4.49254,4.52389475,4.605221,4.72868025,4.82176425,4.989316,5.1588275,5.300978,5.622054,5.86447275,6.15331225,6.55433475,7.23517075,7.736771,8.3686075,9.29830975,10.663765,12.4666725,14.2598225,15.964815,18.15193,21.265085,24.5335625,28.4990925,30.5912325,32.479095,37.48661,42.439865,49.121725,52.2533575,55.240155,58.608945,60.13418,60.7442775,61.52679,62.600665,64.951285,66.435885,67.2245775,68.0751325,67.997345,69.775635,71.607815,73.5248225,74.814135,76.527565,78.851725,81.5054025,83.4420875,86.7455175,88.58075,90.6199,94.269985,95.269165,96.34992,97.5326225,97.818105,98.450245,100.27235,101.875,103.525,105.3,
Philippines,PHL,PHP,,,,,,,,,,,,,,,,,,,,,,,,,,,,,,,,,,,,,,,,,,,,,,,,,,,,,,,,,,,,,92.7117096018735,97.0862347124642,100.025,102.608333333333,106.3,107.016666666667,108.358333333333,111.45,117.258333333333,120.166666666667,123.333333333333,
"Poland, Rep. of",POL,PLN,,,,,,,,,,,,,,,,,,,,,,,,,,,,,,,,,,,,,,,,1.18803788333333,7.93465316666667,14.0260466666667,20.4918525,28.066495,37.32599,47.7591225,57.213025,65.7452941666667,73.3703383333333,78.6193058333333,86.402755,91.0757058333333,92.810955,93.4445766666667,96.6054766666667,98.7151458333333,99.9833333333333,102.441666666667,106.708333333333,110.758333333333,113.616666666667,118.433333333333,122.65,123.866666666667,123.933333333333,122.85,122.033333333333,124.566666666667,126.825,129.65,134.025,
Romania,ROU,RON,,,,,,,,,,,,,,,,,,,,,,,,,,,,,,,,,,,,,,,,,,,,,,,,,,,28.0041666666667,37.6591666666667,46.1475,53.1958333333333,59.5125,64.8775,69.1325,72.4766666666667,78.1666666666667,82.5341666666667,87.5616666666667,92.6308333333333,95.72,99.5341666666667,100.5975,99.9997934777908,98.455,99.7733333333333,104.388333333333,108.384166666667,111.235833333333,
Russian Federation,RUS,RUB,,,,,,,,,,,,,,,,,,,,,,,,,,,,,,,,,,,,,,,,,,,0.053595785,0.522154641666667,2.12894266666667,6.33177925,9.35533125,10.7363025,13.7087208333333,25.4634683333333,30.7595541666667,37.3657858333333,43.2653691666667,49.1768433333333,54.5315208333333,61.44901,67.3903025,73.4603483333333,83.8261675,93.5896775,100.000001666667,108.440466666667,113.943541666667,121.638958333333,131.155275,151.529466666667,162.20085,168.175241666667,173.015825,180.750266666667,186.862625,
Sweden,SWE,SEK,,,,,,23.2217366666667,24.3693108333333,25.4221758333333,26.5391058333333,26.7524525,27.86048,28.4617016666667,29.8182425,30.674545,31.713695,33.30343,35.4364508333333,36.9564333333333,37.6745433333333,38.68874,41.4032808333333,44.4652775,47.13648,50.3031075,55.2890133333333,60.6962091666667,66.9171,74.5736241666667,82.0274558333333,87.94146,99.995,112.098333333333,121.726666666667,132.5275,143.188333333333,153.745,160.2575,166.97,176.695833333333,188.080833333333,207.578333333333,227.183333333333,232.5775,243.574166666667,248.830833333333,254.94,256.299166666667,257.986666666667,257.2975,258.486666666667,260.810833333333,267.085833333333,272.850833333333,278.105,279.144166666667,280.409166666667,284.223333333333,290.510833333333,300.495833333333,299.01,302.4725,311.429166666667,314.195833333333,314.056666666667,313.4925,313.345833333333,316.43,322.108333333333,328.400833333333,334.26,335.9225,
Singapore,SGP,SGD,,,,,,,,,,,,,,,,,,,,,,,,,,,,,,,,,,,,,,,,,,,,,,,,,,,,,,,,76.877,77.61725,79.251,84.5035833333333,85.0078333333333,87.4081666666667,91.9951666666667,96.2045,98.4735833333333,99.4830833333333,98.9631666666667,98.4364166666667,99.0036666666667,99.4379166666667,100,99.8180833333333,
Thailand,THA,THB,,,,,,,,,,,,,,,,,,,,,,,,,,,,,,,,,,,,,,,,,,,,,,,,,,,,,,,,,,,,,90.6254455815258,94.0771790171834,96.913511420138,99.0309613428524,100.907738505006,99.9991400376144,100.187288124046,100.854166666667,101.927151666667,102.6475,101.779166666667,
Turkey,TUR,TRY,,,,,,5.0056165E-05,5.73223825E-05,6.39918575E-05,7.19250225E-05,9.10909875E-05,9.6251055E-05,9.93049633333333E-05,0.000103166258333,0.000109730425,0.000110959008333,0.000116013783333,0.000125842466667,0.000143428816667,0.000152100866667,0.000159590608333,0.000172236491667,0.000204981075,0.000236581891667,0.000269557066667,0.00033397625,0.000404870575,0.000475543525,0.000599115116667,0.000969949666667,0.001586285833333,0.0030815325,0.00424064425,0.005476262583333,0.00719527625,0.010677237583333,0.015477908333333,0.020834824166667,0.028930370833333,0.048837255833333,0.079737834166667,0.127822833333333,0.212158508333333,0.360830925,0.59931795,1.22989025,2.32588625,4.19618141666667,7.79102325,14.38545,23.71693,36.74117,56.7284358333333,82.2358783333333,100.000833333333,108.599166666667,117.481666666667,128.756666666667,140.030833333333,154.655833333333,164.323333333333,178.4,189.945833333333,206.835,222.333333333333,242.02,260.585,280.845833333333,312.144166666667,363.125,418.235833333333,469.590833333333,
United States,USA,USD,,,,,,12.2789840201233,12.46624521433,12.8828058300142,13.2343982762798,13.3681562721417,13.5630607803976,13.7082837473334,13.8726149993924,14.0445895655005,14.2242074456579,14.4496852101109,14.8853541109182,15.2980930695779,15.9515964207889,16.8229342224036,17.8051000777325,18.5694314826577,19.1770749495732,20.3617886272073,22.612744614712,24.6802610650347,26.0980958211709,27.7949115401048,29.9159311887723,33.2828110274678,37.7923663165264,41.6980997956942,44.254788345169,45.6764447583299,47.6407764689876,49.3299488738723,50.2662548449057,52.1082935307754,54.2331348364675,56.8509698983363,59.9197604891109,62.4573407534626,64.3490609806525,66.2484245218916,67.9758134970225,69.8828203523109,71.9312285175104,73.6127576083459,74.755433058709,76.391102265249,78.9707207568715,81.2025684592531,82.4904668765521,84.3630788186188,86.6216781201728,89.5605323721102,92.4497050827274,95.0869923788515,98.7374773853445,98.3864199710624,100,103.156841568622,105.291504532867,106.833848874866,108.566932118964,108.695721960693,110.06700893427,112.411557302308,115.157303224791,117.244195476228,118.690501577198,
South Africa,ZAF,ZAR,,,,,,,,1.17674016666667,1.21748416666667,1.23233141666667,1.24821466666667,1.27445641666667,1.29033983333333,1.30760416666667,1.34075166666667,1.39530716666667,1.44399291666667,1.49509533333333,1.52478983333333,1.57416608333333,1.65274625,1.75120775,1.863735,2.03955925,2.27867966666667,2.58461391666667,2.86944875,3.18944866666667,3.54461316666667,4.01582166666667,4.56439283333333,5.26065616666667,6.03076558333333,6.77274316666667,7.55340208333333,8.7841705,10.4228510833333,12.1072458333333,13.6544966666667,15.665925,17.9094383333333,20.6558116666667,23.5217441666667,25.8074575,28.1142683333333,30.5547066666667,32.8017391666667,35.6219575,38.072945,40.04569,42.18371,44.588985,48.8225783333333,51.5954166666667,51.2383608333333,52.2953325,53.9917416666667,57.32725,63.0916666666667,67.675,70.425,73.9583333333333,78.1916666666667,82.7083333333333,87.7833333333333,91.7416666666667,97.7916666666667,102.858333333333,107.491666666667,111.925,115.533333333333,
