Country Name,Country Code,Currency Code,1960,1961,1962,1963,1964,1965,1966,1967,1968,1969,1970,1971,1972,1973,1974,1975,1976,1977,1978,1979,1980,1981,1982,1983,1984,1985,1986,1987,1988,1989,1990,1991,1992,1993,1994,1995,1996,1997,1998,1999,2000,2001,2002,2003,2004,2005,2006,2007,2008,2009,2010,2011,2012,2013,2014,2015,2016,2017,2018,2019
Australia,AUS,AUD,0.892856999892857,0.892856999892857,0.892856999892857,0.892856999892857,0.892856999892857,0.892856999892857,0.892856999892857,0.892856999892857,0.892856999892857,0.892856999892857,0.892856999892857,0.882670259295548,0.838697807262207,0.704113907966658,0.696665868638096,0.763871249,0.818284082333333,0.901824999,0.873659249,0.894640915666667,0.878244332333333,0.870214582333333,0.985862832333333,1.11001499916667,1.13951916591667,1.4318949995,1.49597416641667,1.42818,1.27990833333333,1.26459666666667,1.28105666666667,1.28375583333333,1.36164833333333,1.47056,1.36775083333333,1.3490325,1.27786333333333,1.34738,1.59182833333333,1.54995,1.72482666666667,1.9334425,1.8405625,1.54191416666667,1.3597525,1.30947333333333,1.3279734405,1.1950725,1.19217833333333,1.28218881008452,1.09015948638677,0.969463201496735,0.965801030658708,1.03584309652054,1.10936329281692,1.33109026245502,1.34521397601947,1.30475807671592,1.33841214646451,1.43850654421382
Bulgaria,BGR,BGN,0.001169999999,0.001169999999,0.001169999999,0.001169999999,0.001169999999,0.001169999999,0.001169999999,0.001169999999,0.001169999999,0.001169999999,0.001169999999,0.001169999999,0.00108,0.00097916666575,0.000969999999,,,,,,,,,,,,,,,,,0.01778825,0.023341166666667,0.027593583333333,0.054133666666667,0.067170833333333,0.177888666666667,1.68187916666667,1.76035833333333,1.83638333333333,2.123275,2.18470833333333,2.076975,1.73270166666667,1.57510891666667,1.57413333333333,1.55926666666667,1.42905,1.33711666666667,1.40669166666667,1.47739166666667,1.40645833333333,1.52205,1.47356666666667,1.47418333333333,1.7644,1.76804166666667,1.73545833333333,1.65704166666667,1.74704166666667
Brazil,BRA,BRL,8.09970533496994E-14,1.16843478826882E-13,1.67764155487091E-13,2.488693976762E-13,5.42023917053559E-13,8.21654885346591E-13,9.60713051097307E-13,1.15260322134062E-12,1.46959525276793E-12,1.76336283963875E-12,1.98785378344809E-12,2.28822086312487E-12,2.56796001993275E-12,2.65094052783721E-12,2.9383610615176E-12,3.5168444719385E-12,4.61870733099062E-12,6.12086729455843E-12,7.81974984419137E-12,1.1660690720063E-11,2.28123189244443E-11,4.03001093531326E-11,7.76854427171099E-11,2.49718172221135E-10,7.99741323974138E-10,2.68324234084592E-09,5.90968226749251E-09,1.6976307824584E-08,1.1354767374037E-07,1.22638743473744E-06,2.95572678942699E-05,0.000175961443086,0.001953023522488,0.038276610926673,0.664683514070577,0.917666666666667,1.0051,1.07799166666667,1.16051666666667,1.81393284657213,1.82942312207561,2.34963170932244,2.92036301775519,3.07747511847801,2.92511944951586,2.43439003623188,2.17532666666667,1.94705833333333,1.83376666666667,1.99942817314426,1.75922671058718,1.67282875525659,1.95306861112487,2.15608915126311,2.35295196276669,3.32690438276879,3.49131342157271,3.19138944630048,3.65382536145755,3.9444710972507
Canada,CAN,CAD,0.969766786666667,1.01306251583333,1.06876922408333,1.07851434416667,1.07859841916667,1.07798428416667,1.07734156666667,1.07871042416667,1.07747140083333,1.0767805125,1.04421874416667,1.00981054416667,0.990662555833333,1.00009014,0.978017525583333,1.01715926333333,0.986028304083333,1.06344161083333,1.14065917075,1.17142449583333,1.16922686666667,1.19890312083333,1.23373491166667,1.23241182741667,1.29506561083333,1.36550739166667,1.38947105916667,1.32598258166667,1.23070084666667,1.18397208416667,1.16677362666667,1.14572584416667,1.20872292,1.29008788166667,1.3656734475,1.37244541833333,1.36352163583333,1.38459802833333,1.48350530166667,1.48570481916667,1.485394095,1.548839955,1.57034283416667,1.4010145475,1.301281595,1.21140513416667,1.13434472583333,1.07404562166667,1.06708691833333,1.1415354059127,1.03011273517598,0.989258158636364,0.999364743593074,1.03013736373016,1.10474713237886,1.27878620362554,1.3256151637482,1.29793584646039,1.29581792813534,1.32679336266012
Switzerland,CHE,CHF,4.37295000337295,4.37295000337295,4.37295000337295,4.37295000337295,4.37295000337295,4.37295000337295,4.37295000337295,4.37295000337295,4.37295000337295,4.37295000337295,4.37295000337295,4.13385416831202,3.819249999,3.16483333241667,2.979249999,2.58128333241667,2.49964166575,2.40352499933333,1.78802499925,1.66272499908333,1.67570833258333,1.96424166591667,2.03027499908333,2.09914166575,2.34968333283333,2.457125,1.7989166665,1.49119166666667,1.4633,1.635925,1.38915833333333,1.43399166666667,1.40621833333333,1.47761666666667,1.3676925,1.18246916666667,1.23601,1.4513125,1.44981330833333,1.502155,1.6888425,1.687615,1.5586075,1.34665083333333,1.24349583333333,1.24517666666667,1.25384333333333,1.20036583333333,1.08309,1.08814169630268,1.04290564573352,0.888042028223281,0.937684480709349,0.926903547758285,0.916151047283613,0.962381328004354,0.985394394244834,0.984691666666667,0.977883333333333,0.993775
China,CHN,CNY,2.46180945506436,2.46180945506436,2.46180945506436,2.46180945506436,2.46180945506436,2.46180945506436,2.46180945506436,2.46180945506436,2.46180945506436,2.46180945506436,2.46180945506436,2.46180945506436,2.24506695586737,1.98941597413555,1.961199999,1.859799999,1.941399999,1.85782380200975,1.683599999,1.554999999,1.498399999,1.7045333325,1.89254166583333,1.97567499916667,2.32004166625,2.93665833325,3.45279166658333,3.7221,3.7221,3.76510833333333,4.78320833333333,5.32339166666667,5.51459166666667,5.76195833333333,8.61874266666667,8.35141666666667,8.314175,8.28981666666667,8.27895833333333,8.27825,8.27850416666667,8.27706833333333,8.2769575,8.27703666666667,8.27680083333333,8.19431666666667,7.97343833333333,7.6075325,6.948655,6.83141605176666,6.7702690287094,6.46146132655007,6.31233282683186,6.19575834608231,,,,,,
Czech Republic,CZE,CZK,,,,,,,,,,,,,,,,,,,,,,,,,,,,,,,,,,29.1528333333333,28.7850833333333,26.5406666666667,27.1449166666667,31.6984166666667,32.2811666666667,34.56925,38.5984166666667,38.0353283333333,32.7385183333333,28.209,25.69975,23.9574166666667,22.5955833333333,20.2936666666667,17.0716666666667,19.063,19.09825,17.6959166666667,19.5775,19.5705833333333,20.7575,24.59875,24.4399166666667,23.3763333333333,21.7299166666667,22.93225
Denmark,DNK,DKK,6.90714000590714,6.90714000590714,6.90714000590714,6.90714000590714,6.90714000590714,6.90714000590714,6.90714000590714,6.95654167204762,7.5000000065,7.5000000065,7.5000000065,7.42633796871194,6.94929166566667,6.049499999,6.094899999,5.746149999,6.045024999,6.00319166566667,5.514624999,5.26095833233333,5.63594166566667,7.12336666566667,8.33244166616667,9.14499166575,10.35659166625,10.5963916664167,8.09099166658334,6.84031666666667,6.731525,7.310175,6.18855833333333,6.39645833333333,6.03613333333333,6.48393916666667,6.36055166666667,5.60236666666667,5.79867166666667,6.60445916666667,6.70082666666667,6.97624,8.08314416666667,8.3228175,7.89471416666667,6.58767333333333,5.99105666666667,5.99691,5.94677833333333,5.44370083333333,5.09813083333333,5.36086666666667,5.624075,5.36871153508772,5.79247553703916,5.61631168617622,5.61246666666667,6.7279068312963,6.73171825724638,6.60289346561404,6.31461878666667,6.669446615
Austria,AUT,L-ATS,26.000000025,26.000000025,26.000000025,26.000000025,26.000000025,26.000000025,26.000000025,26.000000025,26.000000025,26.000000025,26.000000025,24.9855838961397,23.1153333323333,19.5799999990833,18.692499999,17.4167499991667,17.9396666658333,16.526916666,14.52166666575,13.3674999994167,12.9379999990833,15.9268333323333,17.0592499991667,17.9633333325,20.0090833326667,20.6894999998333,15.2671333333333,12.6425,12.3476666666667,13.2306666666667,11.3698333333333,11.6759166666667,10.9893333333333,11.6321825,11.4218249166667,10.0814958333333,10.5865575,12.2042441666667,12.379065,,,,,,,,,,,,,,,,,,,,,
Belgium,BEL,L-BEF,50.000000049,50.000000049,50.000000049,50.000000049,50.000000049,50.000000049,50.000000049,50.000000049,50.000000049,50.000000049,50.000000049,49.0569774216899,44.0145833323333,38.976499999,38.951499999,36.7789166656667,38.6051666656667,35.842749999,31.4920833323333,29.3186666656667,29.24166666575,37.1292499991667,45.6905833323333,51.1316666658333,57.7839166664167,59.378,44.6719166666667,37.3340833333333,36.7683333333333,39.404,33.4179166666667,34.14825,32.1495,34.5965208333333,33.4564975,29.4800166666667,30.9615133333333,35.7738908333333,36.2986408333333,,,,,,,,,,,,,,,,,,,,,
Cyprus,CYP,L-CYP,0.357142999357143,0.357142999357143,0.357142999357143,0.357142999357143,0.357142999357143,0.357142999357143,0.357142999357143,0.362103332665675,0.416666999416667,0.416666999416667,0.416666999416667,0.410730598428557,0.383572369170173,0.349950502818348,0.364692710725132,0.368907243107116,0.41049569197004,0.408121577265547,0.373512583264684,0.354443863948176,0.353051686694203,0.42143075903062,0.475385895733429,0.526640771160504,0.588385860092809,0.612552316163745,0.518143083333333,0.481096583333333,0.466628833333333,0.494624916666667,0.458079916666667,0.4644285,0.449548583333333,0.497405166666667,0.492191,0.452420166666667,0.46631125,0.513897333333333,0.517825583333333,0.54294775,0.622409116666667,0.643107026158333,0.610659989666667,0.517443261666667,0.46860055225,0.464070507161667,0.458915946916667,0.426125,,,,,,,,,,,,
Finland,FIN,L-FIM,3.2000000022,3.2000000022,3.2000000022,3.2000000022,3.2000000022,3.2000000022,3.2000000022,3.44999250244999,4.19997000319997,4.19997000319997,4.19997000319997,4.18441779068686,4.14633333257077,3.82116666588548,3.7737499992161,3.67866666587732,3.86441666588796,4.02941666589741,4.11733333256911,3.8953333325564,3.73008333254693,4.31524999924711,4.8204166659427,5.5700833326523,6.00999999977647,6.19789583316667,5.06952,4.395565,4.18283333333333,4.29121583333333,3.823505,4.04397916666667,4.47944,5.71229166666667,5.2235125,4.36666666666667,4.59355,5.191435,5.34406583333333,,,,,,,,,,,,,,,,,,,,,
France,FRA,L-FRF,4.93706000393706,4.93706000393706,4.93706000393706,4.93706000393706,4.93706000393706,4.93706000393706,4.93706000393706,4.93706000393706,4.93706000393706,5.1941975041942,5.55419000455419,5.54060135472094,5.04454451564062,4.45277967399083,4.80961847285583,4.28779951537657,4.8028783632131,4.90517332253217,4.51309999933333,4.25441666608333,4.22557499908333,5.43460833258333,6.57209999908333,7.62129166575,8.73909999958333,8.98522499975,6.92609166666667,6.01070833333333,5.95694166666667,6.38014166666667,5.445275,5.64211666666667,5.29381583333333,5.66323,5.552045,4.9914825,5.1155225,5.83669166666667,5.89951566666667,,,,,,,,,,,,,,,,,,,,,
Germany,DEU,L-DEM,4.2000000032,4.03333333636667,4.000000003,4.000000003,4.000000003,4.000000003,4.000000003,4.000000003,4.000000003,3.94333333594333,3.66000000266,3.50739351008637,3.18864166566667,2.67259999908333,2.587749999,2.46029166608333,2.51799999908333,2.32218333241667,2.00862499916667,1.8328833325,1.81766666583333,2.25999999908333,2.42659166575,2.55325833241667,2.84594166616667,2.9439666665,2.17148333308333,1.79739166666667,1.756225,1.88004166666667,1.61573333333333,1.65954166666667,1.56165,1.65332083333333,1.62279416666667,1.4331325,1.50477416666667,1.73405583333333,1.7596676,,,,,,,,,,,,,,,,,,,,,
Greece,GRC,L-GRD,30.000300003,30.0000500246667,30.000000029,30.000000029,30.000000029,30.000000029,30.000000029,30.000000029,30.000000029,30.000000029,30.000000029,30.0000000289151,30.000300003,29.625225002,30.000300003,32.051325,36.5175833323333,36.8384166656667,36.7454166656667,37.0384166656667,42.6165833323333,55.4084166656667,66.80316666575,88.0642499995,112.716583333,138.119083333,139.981166666583,135.4295,141.8605,162.416583333333,158.513916666667,182.266416666667,190.62425,229.249843333333,242.6028175,231.662735833333,240.7115425,273.057853333333,295.529105,305.646604166667,365.398560833333,,,,,,,,,,,,,,,,,,,
Ireland,IRL,L-IEP,0.357142999357143,0.357142999357143,0.357142999357143,0.357142999357143,0.357142999357143,0.357142999357143,0.357142999357143,0.362103332665675,0.416666999416667,0.416666999416667,0.416666999416667,0.410920220035124,0.400390461530008,0.408170945299308,0.427756439747663,0.452041165666667,0.556509832333333,0.573271999,0.521504582333333,0.488594874084431,0.486645276829587,0.621298066875603,0.704561636049961,0.804677922717774,0.922553499583333,0.945614999916667,0.743128333166667,0.672916666666667,0.6564675,0.705543333333333,0.604588333333333,0.6212975,0.587720833333333,0.677249306666667,0.668628101666667,0.623733075,0.625028368333333,0.659643126666667,0.702270998333333,,,,,,,,,,,,,,,,,,,,,
Italy,ITA,L-ITL,623.98633587256,625.000000625,625.000000625,625.000000625,625.000000625,625.000000625,625.000000625,625.000000625,625.000000625,625.000000625,625.000000625,620.359289297562,583.217499999417,582.995833331917,650.343333331833,652.849166666,832.334999999667,882.38833333125,848.663333330917,830.861666665917,856.447499997417,1136.76499999958,1352.50999999808,1518.84833333283,1756.96083333183,1909.439166664,1490.80999999875,1296.07,1301.6275,1372.09333333333,1198.10166666667,1240.61333333333,1232.40583333333,1573.66586666667,1612.44498333333,1628.93315833333,1542.94696666667,1703.09690833333,1736.20738333333,,,,,,,,,,,,,,,,,,,,,
Latvia,LVA,L-LVL,,,,,,,,,,,,,,,,,,,,,,,,,,,,,,,,,0.736466666666666,0.675333333333333,0.55975,0.527583333333333,0.55075,0.580916666666667,0.589833333333333,0.585166666666667,0.6065,0.627916666666667,0.618191666666667,0.571475,0.540233333333333,0.564716666666667,0.560408333333333,0.513791666666667,0.480816666666667,0.50555,0.530475,0.501233333333333,0.546875,0.529391666666667,,,,,,
Lithuania,LTU,L-LTL,,,,,,,,,,,,,,,,,,,,,,,,,,,,,,,,,1.77275,4.34406333333333,3.97775,4,4,4,4,4,4,4,3.67695833333333,3.06086666666667,2.78059166666667,2.774025,2.752225,2.523725,2.357075,2.48403333333333,2.60633333333333,2.4811,2.68629166666667,2.60100833333333,2.60029166666667,,,,,
Luxembourg,LUX,L-LUF,50.000000049,50.000000049,50.000000049,50.000000049,50.000000049,50.000000049,50.000000049,50.000000049,50.000000049,50.000000049,50.000000049,49.0569774216899,44.0145833323333,38.976499999,38.951499999,36.7789166656667,38.6051666656667,35.842749999,31.4920833323333,29.3186666656667,29.24166666575,37.1292499991667,45.6905833323333,51.1316666658333,57.7839166664167,59.378,44.6719166666667,37.3340833333333,36.7683333333333,39.404,33.4179166666667,34.14825,32.1495,34.5965208333333,33.4564975,29.4800166666667,30.9615133333333,35.7738908333333,36.2986408333333,,,,,,,,,,,,,,,,,,,,,
Malta,MLT,L-MTL,0.357142999357143,0.357142999357143,0.357142999357143,0.357142999357143,0.357142999357143,0.357142999357143,0.357142999357143,0.362103332665675,0.416666999416667,0.416666999416667,0.416666999416667,0.407107525940943,0.381576665666667,0.368796665666667,0.385481665666667,0.384783332333333,0.425135832333333,0.422309165666667,0.385383332333333,0.358469999,0.345426665666667,0.386700832333333,0.412142499,0.432449165666667,0.461034165916667,0.469154999833333,0.392992499833333,0.345491666666667,0.330856666666667,0.3484925,0.31779,0.3232425,0.318923333333333,0.382289333333333,0.377921083333333,0.35305875,0.360455868333333,0.385966125,0.388459510833333,0.398898395,0.438149991666667,0.450041566666667,0.43362033825,0.377233333333333,0.344663179985486,0.34577739225,0.340893885583333,0.311675,,,,,,,,,,,,
European Union,EU,EUR,,,,,,,,,,,,,,,,,,,,,,,,,,,,,,,,,,,,,,,,0.938283072395239,1.08270508132601,1.11653308564468,1.05755899623965,0.884047927184961,0.803921647747605,0.803800192161416,0.796432730949096,0.729672399984088,0.679922680042729,0.716957702016136,0.754308990105979,0.718413898653322,0.778338120416812,0.752945122702002,0.752728196932591,0.901296423367096,0.903421436257288,0.88520550826938,0.846772667108096,0.893215581479226
Netherlands,NLD,L-NLG,3.8000000028,3.65000000265,3.62000000262,3.62000000262,3.62000000262,3.62000000262,3.62000000262,3.62000000262,3.62000000262,3.62000000262,3.62000000262,3.51708053888963,3.209499999,2.79554999908333,2.68838333233333,2.52899166575,2.64394166566667,2.45424999908333,2.16358333258333,2.00599166575,1.98811666591667,2.49519999908333,2.67020833241667,2.854124999,3.20868333291667,3.3214,2.45002499991667,2.0257,1.97658333333333,2.1207375,1.82094166666667,1.86966666666667,1.75846633333333,1.85730516666667,1.81999508333333,1.60567525,1.68589675,1.95126991666667,1.983733,,,,,,,,,,,,,,,,,,,,,
Portugal,PRT,L-PTE,28.75000002875,28.75000002875,28.75000002875,28.75000002875,28.75000002875,28.75000002875,28.75000002875,28.75000002875,28.75000002875,28.75000002875,28.75000002875,28.3601702876561,27.0534166665,24.5151666664167,25.4081666656667,25.552749999,30.2290833325833,38.276949999,43.9373333325833,48.9234666656667,50.0621333323333,61.54637499925,79.4733333328333,110.779833332583,146.390333332917,170.3946666665,149.58675,140.882416666667,143.953916666667,157.45825,142.55475,144.482,134.997833333333,160.800185833333,165.992776666667,151.105528333333,154.243661666667,175.312445,180.10448,,,,,,,,,,,,,,,,,,,,,
San Marino,SMR,L-SML,,,,,,,,,,,,,583.217499999417,582.995833331917,650.343333331833,652.849166666,832.334999999667,882.38833333125,848.663333330917,830.861666665917,856.447499997417,1136.76499999958,1352.50999999808,1518.84833333283,1756.96083333183,1909.439166664,1490.80999999875,1296.07,1301.6275,1372.09333333333,1198.10166666667,1240.61333333333,1232.40583333333,1573.66586666667,1612.44498333333,1628.93315833333,1542.94696666667,1703.09690833333,1736.20738333333,,,,,,,,,,,,,,,,,,,,,
Slovak Republic,SVK,L-SKK,,,,,,,,,,,,,,,,,,,,,,,,,,,,,,,,,,30.7695833333333,32.0448333333333,29.7134166666667,30.65375,33.6161666666667,35.2334166666667,41.3628333333333,46.0351666666667,48.3548333333333,45.32675,36.7729166666667,32.2569166666667,31.01825,29.69725,24.6943333333333,21.3614166666667,,,,,,,,,,,
Slovenia,SVN,L-SIT,,,,,,,,,,,,,,,,,,,,,,,,,,,,,,,,27.5712,81.2869916666667,113.241883333333,128.808558333333,118.518466666667,135.364308333333,159.688333333333,166.134166666667,181.769193333333,222.656085833333,242.748835,240.248215,207.113715696581,192.381124333333,192.705468,191.028257833333,,,,,,,,,,,,,
Spain,ESP,L-ESP,60.000000059,60.000000059,60.000000059,60.000000059,60.000000059,60.000000059,60.000000059,61.6666667275,70.00000007,70.00000007,70.00000007,69.4686667071667,64.2714166659167,58.2600833323333,57.686499999,57.4069166656667,66.9029166660833,75.9618333324167,76.6678333328333,67.1249999995833,71.7019166659167,92.3218333325,109.859166665833,143.429916666333,160.760999999667,170.044083333167,140.048375442168,123.478333333333,116.486833333333,118.377666666667,101.933916666667,103.911583333333,102.379083333333,127.260416666667,133.957955,124.689,126.661583333333,146.413628333333,149.395331666667,,,,,,,,,,,,,,,,,,,,,
United Kingdom,GBR,GBP,0.357142999357143,0.357142999357143,0.357142999357143,0.357142999357143,0.357142999357143,0.357142999357143,0.357142999357143,0.362103332665675,0.416666999416667,0.416666999416667,0.416666999416667,0.410920237429425,0.400390461530008,0.408170945299308,0.427756439747663,0.452041165666667,0.556509832333333,0.573271999,0.521504582333333,0.472181165666667,0.430294999,0.497641332333333,0.572446832333333,0.659724582333333,0.75180666625,0.77924599975,0.682197333333333,0.6119265,0.562170166666667,0.61117275,0.563177166666667,0.567015333333333,0.569774166666667,0.666756553333333,0.653426604166667,0.63366812,0.640958255,0.610836114166667,0.603823594166667,0.618056845,0.660930833333333,0.694655,0.667223333333333,0.6124725,0.54618,0.549998333333333,0.543486666666667,0.499771666666667,0.54396625,0.641919263495996,0.647179345560165,0.624140835740495,0.633046988857327,0.639660577613477,0.607729626878255,0.654545478931426,0.740634463697084,0.776976682344123,0.749531540259847,0.783445110011929
"Hong Kong SAR, China",HKG,HKD,5.7143000047143,5.7143000047143,5.7143000047143,5.7143000047143,5.7143000047143,5.7143000047143,5.7143000047143,5.7431583376003,6.0606000050606,6.0606000050606,6.0606000050606,5.98041047018348,5.64141666658333,5.1465,5.03158333333333,4.93516666658333,4.90474999983333,4.66199999991667,4.68366666658333,5.00266666641667,4.97608333333333,5.58933333333333,6.06991666666667,7.26516666658333,7.818,7.79075,7.80333333333333,7.79825,7.806,7.79991666666667,7.78975,7.77116666666667,7.74058333333333,7.73558333333333,7.72841666666667,7.73583333333333,7.73425416666667,7.74208333333333,7.74533333333333,7.7575,7.79116666666667,7.79875,7.79891666666667,7.78675,7.788,7.77733333333333,7.76783333333333,7.80141666666667,7.78683333333333,7.75175,7.76916666666667,7.784,7.75641666666667,7.756,7.75408333333333,7.75175,7.76225,7.79325,7.8385,7.83591666666667
Croatia,HRV,HRK,,,,,,,,,,,,,,,,,,,,,,,,,,,,,,,,,0.26329825,3.57914891666667,5.99801141666667,5.23075608333333,5.43416116666667,6.16058258333333,6.36328566666667,7.11174283333333,8.27766641666667,8.341541,7.8716825,6.70496883333333,6.03434066666667,5.94923691666667,5.83779325,5.36453566666667,4.93503975,5.28394641666667,5.49801058333333,5.34386975,5.85029183333333,5.70488016666667,5.74816541666667,6.85830375,6.80599016666667,6.623831,6.27902525,6.62254516666667
Hungary,HUN,HUF,,,,,,,,,59.999999999,59.999999999,59.999999999,59.8216166656667,55.259999999,48.966224999,46.752399999,43.9713833323333,41.5752666656667,40.960749999,37.911349999,35.577999999,32.5322833323333,34.3142916656667,36.630549999,42.671149999,48.0422083329167,50.1194,45.83215,46.9705416666667,50.4132083333333,59.0663416666667,63.2058666666667,74.7353833333333,78.9883916666667,91.9331833333333,105.160458333333,125.681425,152.646666666667,186.789166666667,214.401666666667,237.145833333333,282.179166666667,286.49,257.886666666667,224.306666666667,202.745833333333,199.5825,210.39,183.625833333333,172.113333333333,202.341666666667,207.944166666667,201.055,225.104166666667,223.695,232.601666666667,279.3325,281.523333333333,274.433333333333,270.211666666667,290.66
Indonesia,IDN,IDR,,,,,,,,149.583333333333,296.291666666667,326,362.833333333333,391.875,415,415,415,414.999999999,414.999999999,414.999999999,442.045416665917,623.055499999083,626.993999998583,631.756666664167,661.42074999925,909.264833332,1025.9448333315,1110.57999999967,1282.55999999975,1643.84833333333,1685.70416666667,1770.05916666667,1842.81333333333,1950.3175,2029.92083333333,2087.10386666667,2160.753675,2248.607975,2342.29629166667,2909.38,10013.6225,7855.15,8421.775,10260.85,9311.19166666667,8577.13333333333,8938.85,9704.74166666667,9159.31666666667,9141,9698.9625,10389.9375,9090.43333333333,8770.43333333333,9386.62916666667,10461.24,11865.2112962963,13389.4129365079,13308.3268020542,13380.8338788891,14236.9387734818,14147.6713605454
Israel,ISR,ILS,0.000179999605383,0.000179999605383,0.000289999364289,0.000299999342371,0.000299999342371,0.000299999342371,0.000299999342371,0.00030833265744,0.000349999232783,0.000349999232783,0.000349999232783,0.000379165835522,0.000417979671411,0.000419469230655,0.000445153398231,0.000633614931147,0.000792557149185,0.001044545798963,0.001743537173636,0.002540636908276,0.005124291665684,0.011430574999289,0.024266999999082,0.056214491666023,0.293209666667072,1.17884933333439,1.48784166658333,1.59464166666667,1.59893333333333,1.91641666666667,2.016175,2.27910833333333,2.45908333333333,2.83008333333333,3.01105520833333,3.01129166666667,3.19165,3.44935,3.800075,4.13971666666667,4.07733333333333,4.20565,4.737825,4.55413333333333,4.48198333333333,4.4877,4.45580833333333,4.10808294905578,3.58802119408369,3.93233547791667,3.738975,3.5781293062201,3.85592182539682,3.61075833333333,3.577925,3.88683333333333,3.84056666666667,3.59955554812834,3.59055812689938,3.56452734661093
India,IND,INR,4.7619000037619,4.7619000037619,4.7619000037619,4.7619000037619,4.7619000037619,4.7619000037619,6.35912500535912,7.5000000065,7.5000000065,7.5000000065,7.5000000065,7.49193523096824,7.59446837394936,7.74203856214968,8.1016032272183,8.37589194565386,8.96041272812392,8.73857617131457,8.19284034840393,8.12579094635689,7.86294470113798,8.65852281709317,9.45513193348639,10.0988982440461,11.3625833326667,12.3687499995833,12.61083333325,12.9615,13.9170833333333,16.2255,17.5035,22.7424333333333,25.9180833333333,30.4932916666667,31.3737425,32.4270766666667,35.4331733333333,36.3132858333333,41.259365,43.0554283333333,44.941605,47.1864141666667,48.6103191666667,46.5832841666667,45.3164666666667,44.099975,45.3070083333333,41.3485333333333,43.5051833333333,48.4052666666667,45.7258121212121,46.6704666666667,53.4372333333333,58.5978454166667,61.0295144607843,64.1519444632786,67.1953128073894,65.121568645066,68.3894670935421,70.4203405359551
Iceland,ISL,ISK,0.361904749977738,0.40083333330883,0.429999999974441,0.429999999974441,0.429999999974441,0.429999999974441,0.429999999974441,0.441666666559482,0.621666666635839,0.879999999968158,0.879999999968158,0.879999999887478,0.882603545953388,0.901341666520921,0.999516666500499,1.53694999974941,1.82171666637135,1.98869999967762,2.71110833289748,3.52599999943281,4.7976416658989,7.22418333233333,12.35153333275,24.84276666575,31.69374166625,41.5076666666667,41.1041583333333,38.6771833333333,43.0139833333333,57.0417916666667,58.283775,58.9963416666667,57.5459333333333,67.6031816666667,69.9443783333333,64.6916666666667,66.5,70.9042908333333,70.9583333333333,72.3352933333333,78.6159466666667,97.4246033333333,91.6616666666667,76.7089825,70.1916666666667,62.9816666666667,70.18,64.055,87.9479166666667,123.638381413044,122.241811205165,115.954039762284,125.082787013769,122.179121320458,116.767352506899,131.918708431432,120.811548065239,106.839572014,108.300176306626,122.606773601907
Japan,JPN,JPY,360.000000359,360.000000359,360.000000359,360.000000359,360.000000359,360.000000359,360.000000359,360.000000359,360.000000359,360.000000359,360.000000359,350.677693533362,303.172499999,271.701666666083,292.08249999925,296.787499999167,296.552499999167,268.509999999333,210.441666666,219.139999999333,226.740833332833,220.53583333275,249.076666665833,237.511666666083,237.522499999333,238.53583333275,168.519833333083,144.6375,128.151666666667,137.964416666667,144.7925,134.706666666667,126.651333333333,111.197785833333,102.207805833333,94.0595791666667,108.779056666667,120.9908625,130.905300666667,113.906805,107.765498333333,121.5289475,125.388019166667,115.933464166667,108.192569166667,110.218211666667,116.299311666667,117.753529166667,103.359493968254,93.5700890870457,87.779875,79.8070198321892,79.7904554170065,97.5956582776385,105.944781034025,121.044025684011,108.792900046834,112.166141081871,110.42317934106,109.009665900863
"Korea, Rep.",KOR,KRW,63.125,124.791666666667,130,130,213.846666666667,266.27,271.134166666667,270.511666666667,276.643333333333,288.241666666667,310.555833333333,347.1475,392.894166666667,398.321666666667,404.4725,484,484,484,484,484,607.716666666667,681.028333333333,731.1675,775.748333333333,805.970833333333,870.02,881.455833333333,822.564166666667,731.463333333333,671.455833333333,707.765833333333,733.329166666667,780.670833333333,802.538333333333,803.771666666667,771.254166666667,804.4575,949.89,1403.18333333333,1189.43916666667,1130.3625,1290.79,1251.6025,1191.64583333333,1146.24916666667,1024.32833333333,955.340833333333,929.375833333333,1100.12583333333,1277.24583333333,1156.46,1108.23333333333,1126.80666666667,1094.9825,1052.84,1130.9525,1160.7675,1131.00083333333,1100.16333333333,1165.3575
Mexico,MEX,MXN,0.0125000000125,0.0125000000125,0.0125000000125,0.0125000000125,0.0125000000125,0.0125000000125,0.0125000000125,0.0125000000125,0.0125000000125,0.0125000000125,0.0125000000125,0.012500000011458,0.01250002303792,0.012499951911271,0.012499968919261,0.0125,0.015425849999667,0.02257286666575,0.022767283332333,0.022805383332333,0.022951008332333,0.024514599999083,0.05640169999925,0.1200935833325,0.167827583332667,0.256871583333167,0.611772583333,1.3781825,2.273105,2.4614725,2.81259916666667,3.01843,3.09489833333333,3.11561666666667,3.37511666666667,6.419425,7.59944841666667,7.91846,9.13604175,9.5603975,9.45555833333333,9.34234166666667,9.65595833333333,10.7890191666667,11.2859666666667,10.8978916666667,10.8992416666667,10.9281916666667,11.1297166666667,13.513475,12.6360083333333,12.423325,13.1694583333333,12.7719916666667,13.29245,15.8482666666667,18.6640583333333,18.9265166666667,19.2443416666667,19.2636333333333
Malaysia,MYS,MYR,3.06122000206122,3.06122000206122,3.06122000206122,3.06122000206122,3.06122000206122,3.06122000206122,3.06122000206122,3.06122000206122,3.06122000206122,3.06122000206122,3.06122000206122,3.05226042980931,2.81955586834381,2.44332965486198,2.40706666591667,2.39378333316667,2.54157499916667,2.46128333241667,2.31604166575,2.18844166591667,2.17688333241667,2.30412499916667,2.33539166583333,2.32124999916667,2.34364166616667,2.48304166666667,2.58144166666667,2.51963833333333,2.61878333333333,2.70884166666667,2.704875,2.75006666666667,2.54738333333333,2.574095,2.62425666666667,2.50440416666667,2.5159425,2.81319166666667,3.924375,3.8,3.8,3.8,3.8,3.8,3.8,3.78709166666667,3.66817695833333,3.43756938226247,3.33583333333333,3.52450291070644,3.22108691472175,3.06000301052058,3.08880086662188,3.15090855009725,3.27285974643047,3.90550026302768,4.14830066287879,4.30044087761124,4.03513013706806,4.14246973569731
Norway,NOR,NOK,7.14286000614286,7.14286000614286,7.14286000614286,7.14286000614286,7.14286000614286,7.14286000614286,7.14286000614286,7.14286000614286,7.14286000614286,7.14286000614286,7.14286000614286,7.05590547080103,6.58824917226787,5.76583333233333,5.53970833233333,5.22694166566667,5.45651666566667,5.323499999,5.242249999,5.06406666566667,4.939224999,5.73950833233333,6.45403333233333,7.29636666566667,8.16145833258333,8.59723333308333,7.39474166666667,6.73745,6.51698333333333,6.9045,6.25974166666667,6.4829425,6.21450083333333,7.09412916666667,7.05758416666667,6.33515666666667,6.44980833333333,7.07340083333333,7.5450975,7.79917166666667,8.80184166666667,8.99165416666667,7.98377883333333,7.08021666666667,6.74083333333333,6.4425,6.41333333333333,5.86166666666667,5.64,6.28833333333333,6.04416666666667,5.60460730676329,5.8175,5.875,6.30166666666667,8.06416666666667,8.4,8.27166666666667,8.1325,8.8
New Zealand,NZL,NZD,0.714287986064378,0.715514156084816,0.719193999719194,0.719193999719194,0.719193999719194,0.719193999719194,0.719193999719194,0.733665583007066,0.892856999892857,0.892856999892857,0.892856999892857,0.880607194603159,0.836680053547523,0.736812125513138,0.715402588665367,0.832307219423307,1.00488878965051,1.03031165084621,0.964424999,0.978502499,1.02667999916667,1.15279499925,1.33260833233333,1.49677333233333,1.76399249916667,2.02337249966667,1.91316083308333,1.69456083333333,1.52640083333333,1.67214833333333,1.67620333333333,1.73351416666667,1.86179166666667,1.85051333333333,1.68652166666667,1.52387666666667,1.4548475,1.51242083333333,1.86824916666667,1.88961389919167,2.20114916666667,2.37875083333333,2.16219083333333,1.72209914639778,1.50868127077323,1.42027345661433,1.54205575669681,1.36067522852426,1.4227268095265,1.60087729521947,1.38783382768108,1.26581069673447,1.23428365501329,1.21940797394829,1.20543333333333,1.433975,1.436525,1.40740833333333,1.44525833333333,1.517875
Philippines,PHL,PHP,2.01499848831181,2.01999798408241,3.72785157761872,3.9104231462456,3.91000728790168,3.90917334748487,3.9000000029,3.9000000029,3.9000000029,3.9000000029,5.904349999325,6.43170833233333,6.67484166575,6.75628333233333,6.78787499941667,7.247899999,7.44025833233333,7.402824999,7.3657583325,7.377549999,7.51143333233333,7.89964999908333,8.53999999941667,11.1127166658333,16.6987083329167,18.6073416665,20.3856833333333,20.567675,21.094675,21.7366833333333,24.3105,27.4786333333333,25.5124916666667,27.1198416666667,26.4171666666667,25.7144666666667,26.2161,29.4706583333333,40.89305,39.0889833333333,44.19225,50.99265,51.6035666666667,54.2033333333333,56.0399166666667,55.0854916666667,51.3142725,46.148391177755,44.32328760941,47.6796884535091,45.1096641800896,43.3131369237488,42.2287947349434,42.446184830674,44.3951543042097,45.5028399421431,47.4924638585099,50.4037197937177,52.6614299539683,51.7957826517333
Poland,POL,PLN,0.0003999999999,0.0003999999999,0.0003999999999,0.0003999999999,0.0003999999999,0.0003999999999,0.0003999999999,0.0003999999999,0.0003999999999,0.0003999999999,0.0004,0.000389333333233,0.0003679999999,0.0003349999999,0.0003319999999,0.000332,0.000332,0.000332,0.000581,0.00332,0.004421666666667,0.00511525,0.008482416666642,0.009154999999967,0.01132399999995,0.014714166666633,0.017528666666667,0.02650825,0.043054583333333,0.143918416666667,0.95,1.05760583333333,1.36264333333333,1.81149666666667,2.27227666666667,2.42498333333333,2.6961,3.27929166666667,3.4754,3.96710833333333,4.346075,4.0939,4.08003333333333,3.889075,3.65764166666667,3.23548333333333,3.10315833333333,2.76795,2.40924166666667,3.12014166666667,3.0153,2.96284777777778,3.25654166666667,3.16061666666667,3.15454166666667,3.7695,3.94278333333333,3.77933333333333,3.61171666666667,3.839375
Romania,ROU,RON,0.0005999999999,0.0005999999999,0.0005999999999,0.0005999999999,0.0005999999999,0.0005999999999,0.0005999999999,0.0005999999999,0.0005999999999,0.0005999999999,0.0005999999999,0.0005999999999,0.0005529999999,0.001879416666658,0.002,0.002,0.002,0.002,0.001836024999992,0.0018,0.0018,0.0015,0.0015,0.00171784999995,0.002128016666625,0.001714141666625,0.00161534166665,0.0014557,0.001427691666667,0.001492158333333,0.002243208333333,0.007638725,0.030795333333333,0.076005083333333,0.165508583333333,0.203327583333333,0.30842175,0.716794333333333,0.887557583333333,1.53328375,2.17087208333333,2.90607916666667,3.305543,3.32000708333333,3.26365683333333,2.91365316666667,2.80898333333333,2.43825,2.51885833333333,3.049325,3.1779,3.04860833333333,3.4682,3.32791666666667,3.349175,4.00566666666667,4.05918333333333,4.05249166666667,3.94161666666667,4.237925
Russian Federation,RUS,RUB,,,,,,,,,,,,,,,,,,,,,,,,,,,,,,,,,,0.991666666666667,,,5.12083333333333,5.78483333333333,9.70508333333333,24.6199,28.1291666666667,29.168525,31.3484833333333,30.692025,28.8137416666667,28.2844416666667,27.1909583333333,25.5808453675404,24.852875,31.7403583333333,30.3679153383059,29.3823413709302,30.8398313519917,31.8371436402813,38.3782071444168,60.9376501088952,67.0559333333333,58.3428011851719,62.6681333333333,64.7376583333333
Sweden,SWE,SEK,5.17321000417321,5.17321000417321,5.17321000417321,5.17321000417321,5.17321000417321,5.17321000417321,5.17321000417321,5.17321000417321,5.17321000417321,5.17321000417321,5.17321000417321,5.12590524750268,4.76241666566667,4.367249999,4.439424999,4.15219166566667,4.35589166566667,4.48164166566667,4.518474999,4.28708333233333,4.229574999,5.06344166566667,6.28260833233333,7.66710833233333,8.27179999941667,8.60392499966667,7.12358333333333,6.34044166666667,6.12715,6.44687583333333,5.91879,6.04746666666667,5.82383333333333,7.78342666666667,7.71597,7.13326833333333,6.70595583333333,7.63489416666667,7.94986816666667,8.26242833333333,9.16224416666667,10.3291358333333,9.73712333333333,8.08630416666667,7.34888666666667,7.47308833333333,7.37824916666667,6.75877,6.59109916666667,7.65381916666667,7.20752416666667,6.49354333333333,6.77501583333333,6.51397166666667,6.860785,8.43484083333333,8.56199166666667,8.54886083333333,8.69251833333333,9.45834916666666
Singapore,SGP,SGD,3.06122000206122,3.06122000206122,3.06122000206122,3.06122000206122,3.06122000206122,3.06122000206122,3.06122000206122,3.06122000206122,3.06122000206122,3.06122000206122,3.06122000206122,3.05070166847279,2.812499999,2.45736666583333,2.43686666583333,2.37129999908333,2.47084166591667,2.43939999925,2.27402499916667,2.1745583325,2.14120833258333,2.112691666,2.14002499916667,2.113049999,2.133083333,2.20014999966667,2.1774166665,2.10598333333333,2.012425,1.95025833333333,1.81253333333333,1.72755,1.62896666666667,1.61579083333333,1.52744416666667,1.417375,1.41004083333333,1.48480583333333,1.67360166666667,1.69495666666667,1.72396333333333,1.7917225,1.79058833333333,1.74218333333333,1.69022833333333,1.6643975,1.58893333333333,1.50710166666667,1.41486083333333,1.45451471343873,1.36350833333333,1.25777587719298,1.2496762037037,1.2513,1.26705,1.374825,1.38154636363636,1.380925,1.34884166666667,1.36415833333333
Thailand,THA,THB,21.1817735336747,21.0584395780868,20.8801053450072,20.8300788623462,20.8000000198,20.8000000198,20.8000000198,20.8000000198,20.8000000198,20.8000000198,20.8000000198,20.8000000180667,20.8000294920375,20.6195816363913,20.3751027981272,20.3792694856493,20.4001029232598,20.4001029232598,20.3361026003602,20.4189363516965,20.4763533080478,21.8204434231107,23.0001160420577,23.0001160420577,23.6393692671034,27.1588870239775,26.2988826852636,25.7227964454131,25.2938776147303,25.702046340723,25.585462419191,25.5167954060799,25.4001281507941,25.3196110778962,25.1499518885845,24.9151757040726,25.3426828609665,31.3643344542954,41.3593875,37.8136558333333,40.1118033333333,44.4319,42.9600833333333,41.4846166666667,40.2224149175021,40.2201302083333,37.8819832215363,34.5181805917013,33.3133006412338,34.2857741234241,31.685705,30.4917333333333,31.0830916666667,30.7259666666667,32.4798333333333,34.2477166666667,35.2963833333333,33.9398110566858,32.3102257431458,31.0476057805499
Turkey,TUR,TRY,9.01691666658333E-06,9.02E-06,9.02E-06,9.02E-06,9.03916666575E-06,9.039999999E-06,9.039999999E-06,9.039999999E-06,9.039999999E-06,9.039999999E-06,1.1328499999E-05,1.48666666670833E-05,1.415E-05,1.415E-05,1.39270833330833E-05,1.44420833326667E-05,1.60530833323333E-05,1.8002249999E-05,2.42821666656667E-05,3.1077499999E-05,7.60380833328333E-05,0.000111218583333,0.000162553416666,0.000225457083332,0.000366677833333,0.000521983083333,0.00067451175,0.000857214166667,0.001422345833333,0.002121679166667,0.002608641666667,0.004171815833333,0.006872423333333,0.010984628333333,0.029608675833333,0.045845060833333,0.081404891666667,0.151865,0.26072425,0.418782916666667,0.6252185,1.22558808333333,1.50722641666667,1.50088520858333,1.42553725,1.34358310833333,1.42845341333845,1.30293090533794,1.30152170281795,1.54995977566564,1.5028486296723,1.67495455197133,1.79600094441355,1.90376824244752,2.18854241775473,2.72000852790579,3.02013474808043,3.64813263536866,4.82837014720942,5.67381930843574
Ecuador,ECU,L-ECS,15.000000015,16.5000000165,18.000000018,18.000000018,18.000000018,18.000000018,18.000000018,18.000000018,18.000000018,18.000000018,20.9166666871667,25.0000000219167,25.0001381805456,24.99997699209,24.9999792857768,24.999999999,24.999999999,24.999999999,24.999999999,24.999999999,24.999999999,24.999999999,30.0258333323333,44.1150083323333,62.53589999925,69.5562499990833,122.779241666667,170.461666666667,301.610833333333,526.348333333333,767.750833333333,1046.24933333333,1533.96166666667,1919.105,2196.72833333333,2564.49416666667,3189.47416666667,3998.26666666667,5446.5729,11786.8016666667,,,,,,,,,,,,,,,,,,,,
El Salvador,SLV,L-SVC,2.5000000015,2.5000000015,2.5000000015,2.5000000015,2.5000000015,2.5000000015,2.5000000015,2.5000000015,2.5000000015,2.5000000015,2.5000000015,2.50000000129167,2.50001381722561,2.49999769844322,2.49999792825465,2.5,2.5,2.5,2.5,2.5,2.5,2.5,2.5,2.5,2.5,2.5,4.85215,5,5,5,6.84833333333333,8.01666666666667,8.36083333333333,8.70250833333333,8.72875,8.75458333333333,8.755,8.75625,8.755,8.755,8.755,,,,,,,,,,,,,,,,,,,
United States,USA,USD,1,1,1,1,1,1,1,1,1,1,1,1,1,1,1,1,1,1,1,1,1,1,1,1,1,1,1,1,1,1,1,1,1,1,1,1,1,1,1,1,1,1,1,1,1,1,1,1,1,1,1,1,1,1,1,1,1,1,1,1
South Africa,ZAF,ZAR,0.714285999714286,0.714285999714286,0.714285999714286,0.714285999714286,0.714285999714286,0.714285999714286,0.714285999714286,0.714285999714286,0.714285999714286,0.714285999714286,0.714285999714286,0.715216916321429,0.768725237196027,0.693959098021092,0.679477003570251,0.739507755296336,0.869565218147448,0.869565218147448,0.869565218147448,0.842022601934943,0.778833737276041,0.877578942758154,1.08581583308333,1.11409999975,1.47527749975,2.22867499941667,2.28503166641667,2.03603333333333,2.2734675,2.6226775,2.58732083333333,2.761315,2.85201416666667,3.26774158333333,3.55079833333333,3.627085,4.29934916666667,4.60796166666667,5.52828416666667,6.10948416666667,6.93982833333333,8.60918083333333,10.5407466666667,7.56474916666667,6.4596925,6.35932833333333,6.77154916666667,7.045365,8.26122333333333,8.47367415824888,7.32122196115288,7.26113213232735,8.20996862659331,9.65505606913526,10.8526555687831,12.7589308811644,14.7096108855267,13.3238014244992,13.2339264715833,14.4484270548333
