"Country Name","Country Code","Indicator Name","Indicator Code",Attribute,1979,1980,1981,1982,1983,1984,1985,1986,1987,1988,1989,1990,1991,1992,1993,1994,1995,1996,1997,1998,1999,2000,2001,2002,2003,2004,2005,2006,2007,2008,2009,2010,2011,2012,2013,2014,2015,2016,2017,2018,2019,2020,2021,"Base Year",
"Hong Kong","532","Exchange Rates, Nominal Effective Exchange Rate, Index","ENEER_IX","Value","144.3573139349","146.171859824894","140.133022939279","140.590717689303","121.094808627759","118.455662631972","124.599553333419","109.608988798954","100.636158576909","95.1300895526409","97.6702579251971","99.169454968851","101.282754799075","100.412694648593","102.319078596931","111.638483591338","106.44160933434","109.716224227888","114.624944641954","120.897840887767","119.247572130279","121.939326449143","126.449358641507","125.147061747951","118.851270375586","114.136745090189","113.05464505363","111.753346323635","107.133041217289","101.308873496007","102.681028798551","100","94.9563280043379","95.27140437472","95.7294033226699","96.1724512194904","100.843361061023","104.193552054525","104.294643749178","101.703653877373","104.925585336182","105.522735914148","100.857991843768","",
"China","924","Exchange Rates, Nominal Effective Exchange Rate, Index","ENEER_IX","Value","272.920255357464","292.814396786793","285.996616422904","293.858486980158","308.525203803356","293.313804668284","251.076858616364","183.134439861049","156.642871901784","157.29963938074","177.470356683849","144.957952455639","130.204612024144","122.683278523699","118.627111810075","77.6643803700292","76.7287206161762","80.1260793926003","86.2269087220565","93.7103222605104","91.6722398368751","93.1673881056059","98.3403889759365","97.9032132551007","91.8783443529466","87.6733905608052","87.2674144911259","89.2266063343675","90.2583062506333","96.4459356586014","102.202671624342","100","100.361862490864","106.112034542033","111.49996815683","115.520434033174","126.767573409239","120.110317379783","117.095094291227","118.96502342355","116.961909993984","118.015590203325","124.357681623094","",
"Colombia","233","Exchange Rates, Nominal Effective Exchange Rate, Index","ENEER_IX","Value","465.479514754491","443.276060946706","434.579436659614","421.907941821895","397.637261655128","367.210609758815","299.355323166771","209.414760002602","174.287027691336","161.389425688406","160.980749255968","148.901030249541","130.396726298197","119.848741036351","126.061946885897","152.064397268501","140.985518903677","135.425297805922","132.940581559623","112.402773975858","97.6772385008465","86.6669347272971","81.7132789010764","80.4786491926196","69.6990274325583","75.1072856352649","84.0469959285206","81.9591787751252","90.3155083594742","93.5615335250083","88.6135951913873","100","101.438134061903","107.349019415935","104.952075115063","100.49733478483","80.644023140827","75.0037497708765","77.264472279278","77.7731619290916","72.6178155909657","66.7376205881512","64.8151606441508","",
"Russian Federation","922","Exchange Rates, Nominal Effective Exchange Rate, Index","ENEER_IX","Value",,,,,,,,,,,,,,,,"523.559146011449","351.620481867333","339.543067545953","343.458959094605","277.321679327801","108.612588409884","114.582561713171","119.466594659963","113.659103819806","108.141428987012","109.548829540186","109.763908030388","113.095165779312","113.457821180181","111.88201045829","95.4430506119966","100","101.648128063811","102.630362237921","100.269677840146","87.5396326607324","63.5176640419579","60.6524591463335","69.6211804736869","64.5198833991553","65.0780328049774","59.5845355663319","56.8194876851597","",
"Samoa","862","Exchange Rates, Nominal Effective Exchange Rate, Index","ENEER_IX","Value","237.360000549837","212.3013461979","202.606130345599","189.821803738779","157.662263304073","141.817681252242","126.021040591687","115.961908867017","112.520205849494","108.091086294818","103.13566957347","101.027044776698","100.545560579018","101.148717991608","104.029182729903","107.165899176293","104.54487418124","104.873479587754","105.952615028754","105.001085596995","99.6549476703725","97.0918753434326","99.2177281120242","99.013481738556","99.9148893351556","98.1081581339842","97.8687051781985","97.2502037519345","96.144230557364","93.9211053226826","97.462039042227","100","101.919222304303","103.529647087535","104.995443618395","105.993724190197","108.405604474083","109.859150954797","109.424069085215","108.483621413072","110.219682089991","110.59504856139","110.216351963312","",
"Saudi Arabia","456","Exchange Rates, Nominal Effective Exchange Rate, Index","ENEER_IX","Value","116.656345691866","119.272695447192","129.314693482004","139.651844999874","144.216806198699","149.798772288111","149.358534719628","120.28267192527","106.229880406426","101.090936899425","105.490848085098","100.243968446943","100.501296300687","98.2987048452995","103.164667553741","101.789018332546","96.5838322695506","99.8590439887674","106.747619780728","115.388790587742","113.316371458978","118.139312403515","124.238750846966","122.263703677569","113.34381532324","107.67351713032","106.640050332135","105.886687743047","101.118290930595","97.9885872029504","101.756137548556","100","96.6067428932259","99.3629019459475","100.688115857901","102.088445258074","110.89174731749","114.241532598313","115.698385145508","115.063201560949","118.971211070609","119.827017730783","117.179089456937","",
"Canada","156","Exchange Rates, Nominal Effective Exchange Rate, Index","ENEER_IX","Value","77.9388040033276","78.2904099819114","80.2564963361635","82.3130795071242","84.4260624750069","82.8327148337506","79.7360603947231","70.5974317194434","69.75157073999","73.1324722275883","77.8993286299499","78.7937045075179","82.0889633883288","78.8582282462823","77.2999749693138","75.509467566622","74.4597234269467","76.7373458399799","76.9076668353947","73.0972148152007","72.5578298962567","73.1353228805196","71.015338327304","69.8703191542056","77.2340177166929","82.0720564246239","87.6250585850745","93.2155550450061","96.9120060576145","95.8932551144118","91.3809734162555","100","102.001939446642","102.294121583412","99.5786637124687","93.4376786364511","84.6633442251696","83.0734724927864","84.7679724965198","84.324246961161","83.5795316513929","83.2261586803643","87.5301074516798","",
"Lesotho, Kingdom of","666","Exchange Rates, Nominal Effective Exchange Rate, Index","ENEER_IX","Value","289.250274808996","290.178093395527","290.87187955962","289.326638105558","290.055602863718","287.915840217815","282.987412800202","279.841966756267","279.648987031025","278.04147798728","277.21801851636","267.974550966299","255.730987187657","244.646160252341","223.075163823498","205.821786883596","194.381284948036","166.851348574615","157.812430820431","137.241327225953","122.224011488731","108.340092601322","89.5667058184907","72.5783306270692","99.6248013805924","112.440810545042","112.987517276373","107.82561448214","102.097820041904","90.7194858975772","91.2707260958684","100","98.4810710919302","91.7871943930454","81.5575345483793","75.1464052992839","71.2450251523496","64.6805657818149","69.0943041988599","69.1466252689958","65.9191253095351","60.152210293811","63.9177687334817","",
"Luxembourg","137","Exchange Rates, Nominal Effective Exchange Rate, Index","ENEER_IX","Value","109.851262841353","109.410496293724","107.077422849582","99.4587398674117","97.1072047394127","96.2593956281767","96.692648439962","98.2911665992446","99.7631268852786","99.44981602417","99.1301994318761","100.955244012511","101.28849024203","102.015070064706","101.910634506883","103.071911693333","105.013095007905","102.882892724055","98.7860066250171","98.7594891925321","97.752723717573","94.8176368729653","94.9082698849365","95.7785994164071","98.9974103008262","99.8533627525986","99.3385932917782","99.3442724034831","100.429756144338","101.81404380262","102.986204466722","99.9999999999999","100.317443260426","98.3179239257799","100.139599853456","101.015877996218","97.6623816683603","99.2954648791505","100.240073038018","102.262716820384","101.662922636273","103.374652400084","104.040348664915","",
"North Macedonia, Republic of","962","Exchange Rates, Nominal Effective Exchange Rate, Index","ENEER_IX","Value",,,,,,,,,,,,,,"583.28701030038","98.9202737398491","62.2851335175845","76.2306400811841","79.2444496171398","76.7958577581986","75.8977273335306","83.4593207145367","87.738975556103","90.6307870398365","92.5444224693751","96.7241282817286","98.8655317539317","98.9336848710431","98.7800954436996","99.4720936486993","100.493402376324","102.696079666731","100","100.531426063523","99.2922088273839","100.776287092186","101.729349440106","99.2090619893251","100.468401787134","101.392852145013","103.489173292412","103.254193859648","104.717899975675","105.70191647553","",
"Malawi","676","Exchange Rates, Nominal Effective Exchange Rate, Index","ENEER_IX","Value","4564.22358277722","4612.93330504278","4780.98576504235","4673.1575151245","4603.45751831121","4474.5800037381","4271.20349635767","3654.16325408324","2892.92259634524","2627.96232683626","2819.66799575715","3002.26474667279","3135.94379841636","2629.62123431332","2452.17151487487","1551.10973297654","744.137864618599","813.624689520336","813.786497759191","498.282778633812","346.850746142897","289.420732281002","259.452119926972","259.883103111219","171.758050074384","139.055474217756","126.440858579665","110.739069131442","104.880831924297","106.049585770326","111.352318032717","100","93.9477733766701","66.6542169005962","43.968540001492","39.7064176879539","38.1983779934458","28.0245626411157","27.0913442638547","27.1970415766957","28.203174025717","29.2847883273309","26.7534436242541","",
"Latvia","941","Exchange Rates, Nominal Effective Exchange Rate, Index","ENEER_IX","Value",,,,,,,,,,,,,,,"28.842664216989","52.487178890888","75.47305481855","75.7015124921683","80.0293329246089","84.823501506248","101.777127140164","111.380008095368","111.802676866022","110.642866887042","105.701831285898","103.403592056257","97.7811450945087","97.2633251900048","98.4077050203821","99.5720022525193","104.087652938447","100","102.777756872465","101.53939030428","103.867422877896","106.75990615303","107.025229365125","110.34060329965","110.444906401201","113.398112293168","112.739612894476","115.539052370402","116.41442023637","",
"Lebanon","446","Exchange Rates, Nominal Effective Exchange Rate, Index","ENEER_IX","Value","21409.5648196381","20872.8920224683","19843.4283065469","20570.051545486","23785.6110425811","18768.3194127842","8078.51381924974","3382.74568128768","626.650828090073","246.430804558632","219.538412053087","160.414243757773","121.731549192642","74.8187570852829","75.4617814521606","83.7256805082588","83.0103679919846","88.4060359362859","99.1870708981987","107.331692843908","110.874072236856","121.368765883313","127.793844694619","124.920620559203","112.904952731472","105.832609721519","104.626048922921","104.056784528465","99.016285718486","95.5768131247343","99.9866949599749","100","97.7855192454634","101.703008281862","102.637690364664","104.681005032019","116.170713785178","119.601382173712","121.910788953439","121.623729180314","125.900578569891","126.717575999325","125.450091079342","",
"Hungary","944","Exchange Rates, Nominal Effective Exchange Rate, Index","ENEER_IX","Value","390.360576689116","428.542473933279","487.21796189078","511.433554632656","479.726214306466","478.126062006214","485.235910580442","428.906364658217","369.616180856478","343.643509945574","321.649774002929","281.424800040322","250.138619191789","238.507037158009","227.424580912123","203.085742501751","158.298393271989","135.266352540404","124.271797593397","110.687096966988","105.328892986909","99.287532447182","100.862075514509","107.940071050271","107.801698186138","109.922073292406","110.236352827983","103.299904641082","109.465240546109","110.758242729923","101.509215944795","100","99.1986218760662","93.7241712995876","92.9381758833882","90.6648841220837","88.0430640398625","89.2565001467221","90.7298175290182","89.767746058685","87.4800750284286","82.4435500849286","81.3876992897502","",
"Iceland","176","Exchange Rates, Nominal Effective Exchange Rate, Index","ENEER_IX","Value","2920.15741392225","2171.43501770659","1637.47111413833","1100.28161615072","586.863458821917","492.573075197721","387.862733581736","325.235157674699","307.702003111669","266.849636562485","211.004550127451","192.652863152239","196.889558576186","201.782789840485","191.514791988074","189.369490329084","191.590922478236","192.222962833238","196.482617050337","203.305770716231","202.116485030523","202.03692985743","170.36551707155","174.543436836548","185.263473668944","188.491497066049","207.813764747474","185.240620071446","190.490121922267","138.727278872422","99.7520599058881","100","100.561226120519","97.1526900321004","99.4899235635735","105.764808311524","107.784677145696","121.274497015825","136.199638290935","131.998498978254","121.344500826562","110.175492587456","113.637942334474","",
"Qatar","453","Exchange Rates, Nominal Effective Exchange Rate, Index","ENEER_IX","Value","81.4312131650847","83.2235299160084","93.0274451571913","103.309946094036","108.882844201265","117.222191206032","120.436151947806","98.3910990151501","87.7868960087476","83.2704585955389","88.4318372607738","85.9503635882397","89.1484733467088","90.4404175720014","98.7370671807569","102.835358800584","98.1756855730752","101.595896749211","108.37792934521","114.461701082021","113.170688108109","118.345403054371","123.420437543058","121.193838099893","111.630404630314","105.807474223063","104.938057659128","104.478389815587","99.7596532452166","97.5453561815169","101.636562596964","100","96.5914577037335","99.8774766327107","101.396449487523","102.574840784198","111.723300052468","114.601618679204","115.23002204104","114.566319742626","118.353622504279","119.359826996944","116.991334484391","",
"Romania","968","Exchange Rates, Nominal Effective Exchange Rate, Index","ENEER_IX","Value","90076.3881373551","92275.686991452","131160.120810315","148402.293504144","142926.16642966","131281.934461439","174276.935391878","155821.750715498","157071.843315093","163669.582748846","174233.974004609","118874.053992254","45878.5773841671","9517.6408815757","4032.68849301887","1832.23187615628","1440.34549331531","987.321194502774","479.52908849067","402.015896851417","244.73261504706","194.552155339376","151.629991689559","128.150411172973","110.379113443105","103.247107039129","114.34577372376","117.916224751544","125.211567755512","114.623282491623","102.107274294416","100","100.151407883408","93.9693120164046","96.4527347571525","97.4233900681149","95.8676338496966","96.7562976310525","96.1026118188798","96.6076353475173","94.6714801195864","94.886001798134","94.3677672109123","",
"Bolivia","218","Exchange Rates, Nominal Effective Exchange Rate, Index","ENEER_IX","Value","44428.3470115059","43143.3958327175","54215.0720127602","38717.7775010719","12573.1355486701","2771.48270048427","126.695934117144","3.81891627179017","4.29320789044383","6.09124155416468","12.1757605983465","24.5230124052425","33.0996375357812","45.1400341337474","70.2899667559201","112.762995225035","115.155234370719","113.326527180538","115.143302981887","115.045432520759","118.860260406243","115.44781025638","115.757155804367","120.327493059525","109.980832383838","102.155490824661","95.4871067290021","93.6003177121365","91.2303529084509","95.7024753570172","104.17468526756","100","98.4705517148655","102.974790452879","106.937114329265","113.443017659781","130.468785352558","137.847101973536","136.070073042306","141.536846755223","151.863795119558","164.46198707852","165.37034291365","",
"Japan","158","Exchange Rates, Nominal Effective Exchange Rate, Index","ENEER_IX","Value","22.6297684895156","22.1897337220507","25.220077568496","24.1435725307489","27.2617305401304","29.5341903516079","31.419169998385","41.5850334554879","45.9694875273162","51.8409714678779","50.9136977477583","49.2434240790446","54.8145099518262","59.4225631344673","74.0607256652924","84.687839124073","90.3698733703171","78.8141307587424","74.9459778620479","76.7174234206767","87.0724809129575","94.6748858106856","87.0108511530751","83.0982704800374","85.6701569934305","88.8617542339158","85.874613178265","79.6209215589388","75.3005928202778","83.8548991722334","96.1375042753269","100","105.710199740076","107.259258789285","87.2373355959227","81.1038529923617","75.745265293357","87.6000188955195","84.576522039548","84.8056977764935","88.5786403173377","90.6965659650216","85.243270430964","",
"Brazil","223","Exchange Rates, Nominal Effective Exchange Rate, Index","ENEER_IX","Value","7180677766674.46","3667722751422.87","2396579966716.5","1447892499433.41","566309489866.887","195456807596.101","67533389381.0017","24918047491.1571","10343214785.6611","1956483065.00485","235493020.412818","9173998.65137837","1279091.25543148","146693.982410236","11117.4985843785","375.153970632654","166.399147071278","155.863800839588","153.221151506035","146.97831669909","94.6980631626914","97.3660118885943","78.3901150146817","73.4102312184346","61.9957429754237","63.0822036173872","74.4656545990393","82.6980532248073","89.3295725874114","92.8774540797864","89.7566035462456","100","102.483473502408","90.9316570216627","83.9158457794332","81.157146529659","63.7074655091193","64.5585328878613","70.6221351607454","63.8523226405152","63.7326113010504","51.2481333534463","48.6327854545167","",
"Bulgaria","918","Exchange Rates, Nominal Effective Exchange Rate, Index","ENEER_IX","Value",,,,,,,,,,,,,,,"2637.8350511805","1851.10430286656","1640.48190633077","925.795512264029","86.7903769232785","83.0264382656787","88.6370948823248","87.6425690925634","89.8765184526369","92.228810941468","96.9706494216046","98.7324911112108","97.3802375970439","97.5986615082557","98.4611768831396","100.087111796815","103.415805344165","100","100.937928918733","99.5169626739719","101.676078611913","104.157440357342","102.876868938686","105.349000422658","107.1458698748","110.915634557098","111.074973982879","114.461326864884","116.729096532296","",
"Burundi","618","Exchange Rates, Nominal Effective Exchange Rate, Index","ENEER_IX","Value","438.731604135723","439.456944714835","522.178653486002","595.361697805077","636.444858994725","548.374502810713","572.322844842127","501.460864322613","415.803465885621","365.293605926023","348.932270318236","321.559965894276","344.886915012012","347.846030495007","373.7521854912","407.740610263531","397.044170336522","345.301903140181","323.43291037561","271.327190591695","223.576894593568","192.572126847851","174.495640985935","159.152032196557","121.357539740707","112.14074547932","113.799241120341","119.00505098162","108.215847337025","95.9225311284753","99.2300121135764","100","97.7204476083117","88.4368123888384","83.4061851139133","85.8337209748473","94.8013659341252","93.5830341335318","91.1181111569921","88.7385012966181","88.8864790168843","87.2672363867664","84.2210567790896","",
"Cameroon","622","Exchange Rates, Nominal Effective Exchange Rate, Index","ENEER_IX","Value","93.9648888040905","96.0638573155545","90.0509080655332","86.1933089647009","83.7725207165263","83.1495171687356","86.5222250704785","93.5277608963503","98.0825915292375","101.517296614375","106.523979430994","126.080753182747","133.182482110866","151.718077397874","168.204088242314","94.4831635748042","99.8751970418385","100.632103109572","96.9685132005616","98.4890312966709","96.7215446368489","91.8995608417689","92.8968246047431","95.3315206608173","99.8392267605707","101.278825844061","100.362622826769","100.146309090565","102.900638372693","105.310727426736","104.946812168464","100","101.233288931641","97.6674572844718","100.657180670942","101.751308124404","94.5027873123513","97.5458413519075","100.014507616081","103.053873298233","101.845489191778","104.382316606156","104.966727050611","",
"South Africa","199","Exchange Rates, Nominal Effective Exchange Rate, Index","ENEER_IX","Value","767.787313109842","821.893439903662","821.837815812856","726.3596498476","743.332360477181","615.420031464683","418.564819284404","330.269217888782","327.864583096994","282.515194889641","257.618876839989","248.611561756624","241.105353277415","234.635652261213","226.147509529535","214.593695903587","198.627928122938","174.945763518912","173.87109281472","152.596782588193","138.778734305742","130.740368162224","111.695925669412","88.9477328948931","111.733594732295","121.914025801243","122.279876264195","114.570185111564","103.772461492651","86.2432899970924","88.6384903939782","100","97.3406682790674","89.1294409072475","76.7197096456086","69.3606063683792","65.7942709597079","59.1539334803157","65.2683745200589","65.3095944685174","62.079548297142","55.6743600297549","60.0269498588073","",
"Greece","174","Exchange Rates, Nominal Effective Exchange Rate, Index","ENEER_IX","Value","547.437412465466","477.561675509779","437.733992764222","407.001194194166","332.142135121709","286.293528530071","243.531411544095","188.747437791074","169.788629776397","157.715318067836","145.947822258791","134.483552596691","120.133374694092","111.89234161373","102.616170504248","97.3109587840245","95.6259779425447","96.6099482928811","99.8020236765453","96.1978904675888","96.1011738907293","89.711623249153","90.8349401209732","92.8898344933232","97.9976097837191","99.3784853546397","98.1446706385208","98.1751658315277","99.4975161844011","101.539322566092","102.966909459251","100","100.943455478989","99.045909391106","101.049832952729","102.059933771106","98.8232296623788","100.89939035063","102.350456739162","104.879324790928","104.740555288154","106.873285816377","107.953371575405","",
"Grenada","328","Exchange Rates, Nominal Effective Exchange Rate, Index","ENEER_IX","Value","49.0635382657402","47.8447966664814","51.6583969960339","55.0254400469676","58.0284518873202","62.2549870487403","63.9583976958081","61.2433116777651","57.9998041252183","56.5815544243774","59.624091934771","60.6799822767217","65.6445253710822","71.1725518841325","84.5770032317156","96.6718071845809","95.6576648801848","97.1976104473723","99.3312373172461","100.535364883131","102.73833845222","105.866027037046","107.87504523443","107.057902926212","103.01437368809","100.17902745942","99.7092761720684","100.078330903584","97.3944708919961","96.0859715773834","100.074881188293","100","98.6805399378208","100.639528754944","102.063321016186","102.712824537853","108.098940400031","110.669862045794","111.068613167091","110.249222588348","112.486903412775","113.407043121339","111.926386095323","",
"Iran","429","Exchange Rates, Nominal Effective Exchange Rate, Index","ENEER_IX","Value","7100.55898731054","7290.8049229472","7696.11721990238","8214.14686885824","8648.05263384134","9212.28669882452","5526.92822165081","3295.66369869097","2753.44139922236","2585.92959378606","2338.60521128421","1618.15234450898","1370.2299598429","670.312552098765","458.996308221186","485.36433330954","468.528191627405","497.787623252027","551.057267983533","608.64155667392","652.784819562134","703.16930438976","748.878566698487","262.378099304242","142.692480391297","127.347755310934","120.765350364155","116.708879676715","109.23541434327","104.275302928974","105.96526902429","100","93.8866657028338","84.2233683688729","62.757083450562","40.4461773453477","39.2931541323869","38.4365421246295","36.1319341454996","29.5248318536821","29.9118953461341","30.4078342545604","30.0114526015195","",
"Iraq","433","Exchange Rates, Nominal Effective Exchange Rate, Index","ENEER_IX","Value","91098.9627969006","98230.260790716","117261.140227936","133281.349064605","143613.186946307","166338.997561156","181379.39130979","156917.383608106","146275.947870251","154215.703331526","177664.218519066","181262.053626186","201135.003528722","217915.100060723","258016.431644598","299109.729606555","295971.195132854","312783.858833799","337892.582677959","353025.464746601","380501.595288107","413757.496546812","426649.538805425","438909.148310636","305979.947336486","82.0091956318923","80.195830602858","80.9608582653163","90.7753151578863","93.6044452246778","100.798693463627","100","100.217180119446","104.741576316881","109.729803738711","117.306427667995","129.668293510128","134.576707340453","140.431548229126","148.659163490498","155.958849990822","159.611679500205","132.870335473312","",
"Sierra Leone","724","Exchange Rates, Nominal Effective Exchange Rate, Index","ENEER_IX","Value","186714.539733507","186931.91931116","195801.960949799","207776.297419732","168472.000919255","128184.206945303","72618.2562064787","35109.5110071695","8496.951539278","8333.41724638689","4991.14096874651","2057.75170687321","1149.13735345744","666.99162052896","682.035104023863","723.733724638036","550.864160399409","455.524482959361","473.909684784508","298.995137837103","267.845706381539","253.44270333912","277.772476791641","253.035799573456","198.737523203659","158.862181745121","147.223538760846","142.556983467173","131.88161091286","125.525439965003","119.239506690398","100","89.6248166028844","94.3489775975749","94.9169705417202","93.273137429692","94.6666141663618","78.721523126757","66.4791154074023","60.9993301181933","56.0680217120703","51.75753151139","47.5452223388446","",
"Guyana","336","Exchange Rates, Nominal Effective Exchange Rate, Index","ENEER_IX","Value","2263.5094239572","2303.67152337199","2335.23911415961","2409.81990506943","2677.90801601943","2445.42353460708","2432.31249022434","2296.88855348813","1011.49302586438","1026.74234196788","564.032932550661","286.150834973314","130.165262686421","123.219069377929","140.685005471008","144.633670906122","137.881185704748","143.589717525617","147.771817057706","143.569823507074","123.091075754326","125.203321095389","125.893129756324","123.629692104781","116.074800826153","108.916183240277","107.086628231444","106.239723286043","100.586906124917","97.3009867429654","101.458949400727","100","97.5775087106404","99.7679899858397","100.296653871673","101.309561183008","109.248737484337","113.598513025734","114.388800619788","113.445645067734","115.249960694843","116.663834168087","115.86486959187","",
"Singapore","576","Exchange Rates, Nominal Effective Exchange Rate, Index","ENEER_IX","Value","62.0711530288857","63.6206904729542","67.7960859662862","72.3308300754876","75.1631297722651","77.257512833501","77.3371741042237","68.0863392111012","65.1147355966157","64.8290470889351","69.1863825222678","74.3830029868514","77.7648704505148","80.236852998631","81.307152894868","85.2010233810024","87.7300179291035","91.7096047800477","93.5135143499611","95.0937694400878","90.2658962072155","90.5663163563755","92.0256052712114","91.2891768533457","89.0730975658025","88.6683275110515","89.4304239732562","92.4620569079457","93.7743056545259","97.0377283955796","97.2642740929592","100","103.578825707391","106.155449022285","108.092732108206","108.746519146051","107.735759418233","109.941074705149","110.116325473053","111.082553701852","112.596343851845","111.042632647338","110.6024014396","",
"Slovak Rep.","936","Exchange Rates, Nominal Effective Exchange Rate, Index","ENEER_IX","Value",,,,,,,,,,,,"98.3291574279834","77.6982536253235","78.5386179024468","77.1660392383261","74.0327782418073","74.4449748062344","75.2910367766556","77.5512513597636","75.9422291735809","68.5523846187596","69.2239997466546","67.6316066419002","68.5754702934335","72.8926734340716","76.0010940110858","77.6788564598574","80.3844077846353","88.9753371173222","96.7209036118579","103.501462443086","100","100.279201823638","98.6455782746073","100.42457004587","101.885758703222","99.6483967492969","101.871929659117","102.642390611434","104.566067117476","104.135736690834","105.860827003917","106.481482732922","",
"Solomon Islands","813","Exchange Rates, Nominal Effective Exchange Rate, Index","ENEER_IX","Value","771.805729400987","806.763042841824","811.742699901757","792.652261664046","705.619334445754","674.769289029475","618.169854822861","474.412728042356","381.688880875276","347.865728422969","326.02634820078","294.228735752712","278.928958283737","263.228533467225","257.318515303846","252.23534169737","232.94577871535","227.001022547989","233.307743677205","205.930658392846","200.729996638936","199.605453196445","206.393004921621","159.887464052774","128.440792399194","120.301559400658","117.644702163867","116.346083552842","109.032780225287","104.094077042515","106.026742873509","100","98.8595544601487","103.642350012213","107.361972800422","109.916029550528","115.079679675955","117.228800953247","117.884909261399","115.554263443225","116.282901030321","116.238583696138","114.34339858722","",
"Fiji, Rep. of","819","Exchange Rates, Nominal Effective Exchange Rate, Index","ENEER_IX","Value","155.16236857541","160.969634650206","166.019388834779","171.431597850319","171.924117893774","176.308181604386","185.194737635286","174.784645711121","151.718545298386","124.968905295565","130.353606260216","133.623522715031","134.501700181007","132.177303296406","133.274841338172","136.622758084634","135.571335800861","136.082309873154","139.092640327976","115.307470977222","115.308736616056","113.979328204572","114.160059309832","116.022152709519","121.788871109227","124.008609646796","123.879225350129","122.527222231626","122.781441247893","122.479316464339","105.883659169746","100","100.432241532396","101.432127036099","100.572939400888","100.232901311135","101.472692400464","103.041236834206","103.553427991757","102.478617349006","103.008309021134","103.039283559576","102.929081654225","",
"Finland","172","Exchange Rates, Nominal Effective Exchange Rate, Index","ENEER_IX","Value","103.296006785002","106.607658465702","108.380267300688","109.834344709152","104.114162679046","105.774896674164","106.061063669109","104.958168778138","106.304615815849","107.781971342636","111.218013581624","113.331425104035","108.728476790034","94.9066397664311","81.6244528451175","87.9886423080839","97.2086412235334","94.7112672240517","91.7490402554638","93.0598116479445","94.5708972647524","89.4288476261948","90.3140877450406","92.1271243975806","97.8107786397814","99.8795190496668","98.9076078927311","98.6701533728337","100.675213376525","102.97594294895","105.446094002731","100","99.9657404603533","96.940329789395","99.5898961061599","101.814025769624","99.0216023109945","101.435120884175","102.096036944811","105.232220864031","104.588247543241","107.040518480218","107.589996318932","",
"France","132","Exchange Rates, Nominal Effective Exchange Rate, Index","ENEER_IX","Value","103.017083768338","104.098505090799","96.7797569450234","89.6335557908926","84.0972744008487","81.4774989187076","83.331179709148","86.767342361551","87.803909830381","87.4482678151632","88.2990920537445","94.7042126537929","92.751556450025","95.7486157102281","98.0865083795984","98.9524460789145","102.466984117031","102.437440131018","98.0656319037329","99.1405768565349","96.956761138016","92.2017013326355","92.5705953420119","93.9556858603363","98.8058043339738","100.489568318029","99.674743420297","99.7306961777804","101.4369669488","103.205310059275","103.961992426081","100","100.347022102411","97.7347274970405","100.157537185938","101.125285966796","96.4992729745005","98.4304956375296","99.8396418061168","102.397098808594","101.418441497161","103.307739704757","104.194336795593","",
"Gabon","646","Exchange Rates, Nominal Effective Exchange Rate, Index","ENEER_IX","Value","104.514112157732","108.1709752593","101.088533848404","97.9324257128841","96.4309830119802","96.745337949045","102.304085589069","111.472044342514","119.221133391119","127.007141160494","138.718648462789","164.600463922357","165.716798810807","176.195089525156","181.81548692991","97.4791577768597","101.555083157042","102.064073921143","98.1750623059868","98.4793235653956","96.7180798300725","92.5375060299164","92.5284853188688","94.0298729409114","98.3354738803062","100.11165789267","99.801597084629","99.7965875765243","101.995906698836","104.738744033982","105.223420495292","100","100.871047418513","97.8527459054496","100.877313705477","101.914990561506","96.8251790432147","98.0856809397294","99.60635772805","102.652587100183","101.563109818601","104.333405974724","104.797922794492","",
"Dominican Rep.","243","Exchange Rates, Nominal Effective Exchange Rate, Index","ENEER_IX","Value","1064.99165153824","1091.59705550122","1183.07971993996","1241.89867604259","1239.81214389263","816.876830294743","726.763216701623","669.824806369706","533.200251915511","360.649607811605","377.795286437536","319.853497804921","231.002692111553","244.214279086326","267.95230652351","289.527812526034","283.207646037303","288.844607522965","274.007513472351","267.328000432945","247.383605363152","247.329369056258","243.917584194576","230.334751480567","143.435329437321","94.6176699648379","125.863218083267","113.36941238976","110.406769927769","103.829951470946","103.202638731944","100","94.6242769550213","93.7255877441528","89.018470543405","86.8858455675637","90.2214671398006","90.7010074414616","87.4173816050791","83.7969707490288","83.5459964579822","77.1694536551544","74.9509242134668","",
"Australia","193","Exchange Rates, Nominal Effective Exchange Rate, Index","ENEER_IX","Value","83.8333278881025","86.9878667049609","95.8885560205931","93.6840218586386","88.4670661322096","93.2369111435204","78.4530456154925","65.7213532658858","63.5680849689577","70.0126932363542","76.6525545562881","77.7548607212006","79.3155858796875","75.4796701499403","74.0065117176051","81.9921819306381","79.4086806876231","86.8148884795759","88.0736956869444","81.9756812157709","82.0557225211457","76.6331218444804","71.7201026799181","73.9639497118391","81.9211866607859","87.9678426034053","90.2578107504895","88.5205808900661","94.0336360794161","92.1423396163852","88.1216972207404","100","107.395658445549","110.15356940154","104.236083643305","98.6048371767555","89.6940675914458","90.9895145582849","93.6680103955149","89.9737235159301","86.2546059423049","85.9615666508358","90.822385076089","",
"Ireland","178","Exchange Rates, Nominal Effective Exchange Rate, Index","ENEER_IX","Value","116.043352703081","112.377061100778","102.379843391751","101.329077061166","97.6564530341277","94.0897839743597","94.7529452447884","100.6042774509","98.6393004309393","96.4425406385119","95.4900276464726","102.091951600277","100.418952939823","103.437048729026","98.0130317797687","97.424818871123","98.0769961259242","100.420804000211","100.69794777864","96.6392437753078","92.6888846112684","85.7223814772406","86.2917991452417","88.3798227522109","95.8729382142146","98.4155409006581","97.8992675460877","98.1108042721016","101.035615851702","104.532541103662","104.77373507524","100","100.736058133616","96.6875067040742","99.7280714234417","100.101741800702","92.5302122635768","94.652625627062","96.5338032971757","99.0565383380035","96.9829895592342","98.4298695001911","99.2537324794274","",
"St. Kitts and Nevis","361","Exchange Rates, Nominal Effective Exchange Rate, Index","ENEER_IX","Value","84.5420308149915","82.4222606294631","85.9098671653661","89.9163056734873","93.8408625879417","98.8183938923985","100.928237019997","100.828339049714","98.2220775633302","96.0948862819162","99.9473960038842","98.2162264609329","98.2789053278098","97.5197317410582","101.442713797241","101.347927152895","98.990951641524","100.049883951908","102.276299711052","104.05042297776","104.402523530848","107.357102398467","109.242575587348","108.521426462465","104.43186796577","101.117291018494","99.4329171578828","99.4110723815371","97.5022263765327","96.5467565054076","99.7566850519355","100","98.3356865289583","100.828501657122","101.17116479075","102.45408545694","109.474989290188","111.971103159248","112.120302902898","112.049368966621","114.541707546524","115.941399318419","115.170589097146","",
"St. Lucia","362","Exchange Rates, Nominal Effective Exchange Rate, Index","ENEER_IX","Value","69.8006923692056","68.1873090115346","72.1973446628166","76.2623492071721","80.3002416616577","86.7346083678871","89.6476675202432","85.2514854216589","81.3431315696455","78.9018669050332","81.8343329259817","80.996200156763","83.7322382786001","85.4549385089924","94.5960976071381","98.9761945878876","95.8934163350775","97.2696803315401","99.5857263786085","100.834748449685","101.360073644631","104.652566442334","106.920625855487","106.094960493929","102.973947754602","100.295819475452","98.8503890803673","98.9029458382554","96.175223399137","95.7442499195947","99.8265664480097","100","98.8587154498992","100.691394328146","101.823802236736","102.515077359085","107.669332083128","110.084554512371","110.367377321549","109.653413096311","112.198338368274","113.291672944845","111.675986235839","",
"St. Vincent and the Grenadines","364","Exchange Rates, Nominal Effective Exchange Rate, Index","ENEER_IX","Value","70.8115385356138","69.046814785374","72.3892044229574","75.8444343660874","79.1761033328492","83.3606546242008","85.1371338962723","85.8020773929396","83.5558543558787","81.9847118981984","85.6891283157769","85.3117278455006","88.7454432162841","90.8995059956898","101.155295779994","106.621243835028","103.090033451995","104.97938605297","108.422099099261","110.119805216115","110.964294123086","114.816875538746","117.754349412794","116.546243585234","110.408478557227","105.605182167605","103.684729906019","103.165664256319","97.7678661453141","94.5080675489618","99.3693091477281","100","98.2077515438202","102.757190006915","103.701635662128","105.337538913167","114.774540386833","117.434079241811","117.182135568191","116.199095545796","120.489530622462","121.094144266989","119.912044052539","",
"Sweden","144","Exchange Rates, Nominal Effective Exchange Rate, Index","ENEER_IX","Value","174.27157903377","174.861721087471","171.50257479567","153.681334256966","134.868887090995","137.182679695625","136.012748041121","132.523812491143","130.359498994797","130.245894684291","130.93388927257","128.882961297967","128.218289391691","129.811049774504","104.815348877691","103.456392818988","102.994818731337","113.112086947348","108.4072814838","106.846858901942","104.82663696075","103.723181553817","94.9311723650658","96.9292891956499","103.110733840956","105.269634529285","102.434046538304","102.687865113514","104.433596751487","102.553774129056","93.857387429457","100","106.116351501832","107.15770657329","110.723489471059","106.680576014948","99.8030461081155","100.78256458587","99.9730446582414","95.9803969173494","92.2835949504257","95.1228185649328","98.7005647415421","",
"Switzerland","146","Exchange Rates, Nominal Effective Exchange Rate, Index","ENEER_IX","Value","64.8852795964471","63.6709284915466","65.0403440994454","70.2307226915947","73.179442087441","72.2520793338443","71.4790322480064","77.0520203642892","80.5165559279104","79.6775729339276","75.6781983482663","80.2299123006115","78.8183936661311","77.3638069733636","79.2131078062783","84.4059642730648","90.496538313674","89.0588198205075","83.0462339027397","85.1550154069341","83.7331740445448","81.8564807629653","84.9297966036527","88.8349185789972","89.9909164164977","90.1794922555162","89.3466294229777","87.9192080236158","85.8035960259692","90.3289690008902","94.8743776622589","100","112.655302443448","111.876546264047","112.343274442039","114.691816861057","123.991619537485","123.188618546716","122.361036033644","120.395509558855","123.181229426148","130.179990217326","129.908719933156","",
"Costa Rica","238","Exchange Rates, Nominal Effective Exchange Rate, Index","ENEER_IX","Value","1472.24623474666","1514.42223262076","706.167506913699","412.993866689646","417.859227276544","427.055533242129","430.254861250249","401.179328174622","370.979685603297","336.245879284493","358.508947550888","367.68030089394","297.297722895924","290.347649673296","313.415690277994","319.755578159196","282.154972894307","251.927806576343","233.287057908656","219.34882309098","199.55752527188","189.334915862244","182.165282072289","166.373337767697","145.668114045497","129.145852109962","116.601575103832","108.202969452782","103.582279395422","98.6398487916756","93.2349849733246","100","100.706517867311","103.077691146408","104.26890807242","98.0535595233627","106.065306543921","107.089473743602","102.656278120389","100.604244999308","101.215189328138","103.08351251056","95.2725503286385","",
"Côte d'Ivoire","662","Exchange Rates, Nominal Effective Exchange Rate, Index","ENEER_IX","Value","46.9286571782353","48.5428853334996","44.8205133682356","42.7459693660186","43.1363015275932","46.4066747527842","50.7488345477769","59.9516631361986","68.6571968832428","74.9482293116518","83.8738930726851","106.431660577774","113.115647711206","128.964880308475","144.093775472718","83.7277456034558","89.1213491822651","90.0842467042448","86.9322269373891","91.2182206685125","91.9501771185744","86.9386977778597","88.6863366660283","91.6489161883237","97.5031904642773","99.7048933813605","98.8919645697683","98.79752879215","101.416364095738","104.627699231092","105.563983870115","100","101.469495146229","98.6722676138705","102.229320122179","105.070448316425","99.3595529285835","102.629764304611","104.945506238378","108.759281277691","107.853529575021","111.354329003545","112.689670017613","",
"Belize","339","Exchange Rates, Nominal Effective Exchange Rate, Index","ENEER_IX","Value","48.1096363261779","48.0581065260448","52.0031104477506","55.7955386619273","59.6214100835801","64.1243316603905","70.0762353815338","66.9790374584679","64.7997633411511","66.0858131507964","72.0837055335589","75.7533961172518","78.4993096701121","80.1201065800242","86.7703026882173","91.354170560806","91.6811172728953","94.3588981030326","98.0924155210532","102.243423409418","103.096319026457","105.706946298007","108.599029121192","108.304477238917","105.893412699797","103.551125744701","101.425052188715","101.184519313675","97.5487939042948","95.5964763930649","100.430345996366","100","98.0817284557075","101.312459913665","101.860054514617","103.907512517658","113.418663185774","117.074964296906","118.59341589219","120.278121633751","123.389078112017","125.591531200839","123.623263827121","",
"Congo, Dem. Rep. of the","636","Exchange Rates, Nominal Effective Exchange Rate, Index","ENEER_IX","Value",,,,,,,,,,,,,,"85178738632.9035","5354709681.42857","43482047.7932114","1511481.11456943","217169.017874051","70531.0271924311","63515.6909524274","26262.8378529292","7791.87014610771","1071.69296670813","335.230829933771","251.728895465445","237.749489253513","197.475719561056","198.935037787411","171.363534285961","156.49054737649","116.409303128823","100","96.2307200119928","100.987092674629","104.437750648477","107.94004527651","122.460879740115","119.979015579619","81.0032097870924","72.2247902653628","74.9260246513652","70.0086715975776","62.2012005714604","",
"Malaysia","548","Exchange Rates, Nominal Effective Exchange Rate, Index","ENEER_IX","Value","133.089662049073","134.503035173238","134.471614255539","143.013874430108","150.248657859911","156.350268057756","152.618025499156","129.095718998843","124.22440015255","114.122812672792","113.675831302311","112.784699049422","111.883877058744","120.614809485884","124.689399952066","124.628442121598","124.796016550095","128.454778922349","124.107421695909","96.6179546508059","96.3172886374222","97.895049384554","103.208492999194","102.600139759456","97.4669864218144","93.8471602848472","93.2627311853293","95.2477989324916","97.8570017785971","96.9898346760776","94.1106398712153","100","100.477373137565","101.152712242069","100.853301292883","98.7774861405623","89.4779647853387","85.8259355900645","82.6519968228893","87.0992195606756","86.9628674302177","86.0032967146811","84.7981440790918","",
"Papua New Guinea","853","Exchange Rates, Nominal Effective Exchange Rate, Index","ENEER_IX","Value","180.441016475111","195.199498972917","204.969316205601","208.060240763772","200.891625883051","203.904161738904","204.187967590772","194.126308010325","198.030698209251","202.592505134122","221.976393438072","214.696842501001","226.244771365509","236.279084345555","260.870615068143","270.67164131243","205.911856843997","203.089592477399","200.781543274699","161.875118822363","131.203617440712","127.472306971458","112.624218368367","96.3455830194026","95.3788085716949","98.7043751028398","100.353944632457","101.266146543495","97.7472120264999","104.149208894503","106.101497766071","100","107.933249256605","124.278590975464","119.937531248654","112.780056668814","112.369889442098","101.433222613372","99.0339857172022","95.3676261883014","96.4668308767905","95.1875496209555","89.7289806977987","",
"Paraguay","288","Exchange Rates, Nominal Effective Exchange Rate, Index","ENEER_IX","Value","0.456902947131737","0.614306327509008","0.880540472770552","1.06715937217315","1.48795208840263","2.31327114987403","3.19451972943463","3.82715737052048","4.27552633935672","9.14796894344135","20.1500125503929","55.8263432869135","70.2867702197543","85.9644648539661","116.087560088188","170.914465456735","173.689897954394","173.442882707765","173.106366440133","144.799004330679","142.460920844465","130.486489746804","121.764071134714","103.663364067759","90.0532990415219","92.862065233643","85.3016895035023","90.9807280588969","96.6732432671725","107.030593459144","98.5989677006376","100","110.014669857129","109.599296695678","116.789989938976","119.89132341074","118.958441897724","116.818063736952","116.415069863433","120.735096573542","120.246466204884","121.925185261846","122.931106936889","",
"Oman","449","Exchange Rates, Nominal Effective Exchange Rate, Index","ENEER_IX","Value","119.838635909527","118.722779901424","129.904113091266","144.160229067284","151.077844558319","161.469525919121","166.090133421167","123.209571716152","109.06999962646","102.460454199672","108.486747234984","103.509529741357","103.64485547279","101.528734617493","106.767358158379","103.678862278328","97.9502083236369","102.497225882641","108.165604195201","112.732516310236","111.655253990742","115.47994918945","119.806475630983","118.462016734346","110.965098628699","106.254472864866","105.804323930261","106.124223423994","102.302302702091","99.4309857595019","102.317386304435","100","96.6574455772476","99.4803767466994","102.525831361793","104.428714219613","112.367190056625","114.534895933788","114.985824505254","114.78841631852","117.45850699949","118.264887620944","116.312699209363","",
"Pakistan","564","Exchange Rates, Nominal Effective Exchange Rate, Index","ENEER_IX","Value","541.392573636694","550.367417466247","617.31265386002","575.515670079164","555.363370236504","568.509367053486","534.519338041696","443.227821121851","392.104259948553","375.488610128547","358.927473803926","346.899872032304","325.459601333588","310.2858665485","298.949451291358","285.019578600153","261.977063369161","237.938308035214","221.826268269997","217.275117906878","195.859194254578","188.071028286031","169.218040552292","172.296587010211","165.766634829235","156.845985403996","152.305066722505","149.283110081046","141.641570676519","119.036453843536","105.981869520736","100","95.3863978696655","90.8079435038764","84.325285191721","85.9780384845067","91.6430675457181","92.73774125289","92.3934690358313","79.4476138793351","66.694365587343","62.0530745208729","59.8377759998096","",
"Equatorial Guinea, Rep. of","642","Exchange Rates, Nominal Effective Exchange Rate, Index","ENEER_IX","Value","1109.8546165945","815.560938971053","523.798542053583","515.700525453605","485.709922102839","517.83446100682","100.807839841784","111.520562164753","119.472319632067","121.517290059574","124.927544136853","139.08690011328","140.49040446078","149.245102727921","157.976033247673","98.7827076871988","103.359984316451","102.220773644745","93.6693556792206","93.6619287986036","90.6511085063772","82.52068957101","81.7250873973189","84.4433775732058","94.0327303183567","98.5940645982485","97.7349949167828","97.6292337313609","101.184659099581","104.061652517817","103.188753601654","100","101.40357479005","98.0706027084514","100.608907311184","102.436113779812","95.751308020965","97.8959103968764","99.4619960108652","102.736277455223","101.176074070167","103.739965463821","104.708000804806","",
"United Arab Emirates","466","Exchange Rates, Nominal Effective Exchange Rate, Index","ENEER_IX","Value","82.6963975125452","85.0786278509594","95.1615552833457","105.453601001021","110.399912611034","118.116593139972","121.576864258682","99.8089287169903","89.0067696473136","84.2293660520465","88.5296049042491","85.0795952767194","86.036795836805","84.7267669585865","88.4435714502411","87.7061744178297","83.2703400512035","86.3307814456404","92.095691729122","99.7694549448753","99.0509777866639","103.757868662066","108.281626590741","115.930371382457","109.84518550556","105.151863713201","104.499063453426","104.18735029039","99.1074839577996","96.8989902209506","101.677732031604","100","98.3811156913493","104.164525408576","109.225729446471","114.370275204004","124.671157292042","129.067246995632","130.522475727618","132.102743523373","136.349145630669","137.693987561621","135.782865318746","",
"Trinidad and Tobago","369","Exchange Rates, Nominal Effective Exchange Rate, Index","ENEER_IX","Value","164.38724402183","162.616742571641","172.47433331574","183.24030822682","190.150984814654","202.222589765604","205.603272979245","135.355227049927","116.785295404478","105.478406100894","97.927692566383","99.3797539819687","106.490168829544","114.268555130924","104.443073346051","101.503258903006","99.9034668337876","103.35847817767","101.941845609486","103.316933399809","104.745634267776","107.145020883271","110.47461334498","111.317863598002","108.74887106041","106.2863520858","104.572309094556","103.698681209131","100.93735838265","99.529140083475","102.438077477801","100","97.3599236935268","99.4546655721903","100.152222648218","102.096541007606","110.667454132712","108.128289278617","105.989139140452","105.875828303797","108.69295047699","110.556234447517","108.835325536549","",
"Tunisia","744","Exchange Rates, Nominal Effective Exchange Rate, Index","ENEER_IX","Value","255.333711286925","258.193475530706","264.200120295094","255.242647747034","249.623721489224","246.325204444126","240.045927827503","201.086284707336","166.587040467503","157.922409742405","151.316426834253","145.479754367795","145.340421008517","147.716927413447","143.076985331948","143.817459996186","144.310179953087","144.376189907994","142.477811433761","141.755430177915","141.647997940377","139.270126684696","138.316539718319","136.145362922251","128.907152949782","122.333109815026","116.712309718605","112.726636562002","108.468060706032","106.994409893048","103.595731213185","100","97.4686790095229","93.6330481758038","88.7886738389128","86.0536804209503","86.8426381933636","80.8364067153561","71.556025962889","64.1019594768098","60.5412087372408","63.1050972754821","61.9952531579278","",
"Zambia","754","Exchange Rates, Nominal Effective Exchange Rate, Index","ENEER_IX","Value","140862.524595525","145071.164639933","151682.732760209","168515.788100813","149187.116217977","121147.348907703","97011.0956375375","33016.9236075799","26329.8134260111","31207.8858170539","25356.4165869095","12263.7938801555","5981.02473032117","2333.5962067239","888.019681153145","571.068819358159","418.639431767366","329.525539357702","320.240434385312","251.630197450589","204.748321470307","172.982803745367","167.359692802032","147.430796769627","110.638269429369","99.819751957081","106.787643397471","133.399162138975","116.157014647421","127.351465574551","99.7375270997145","100","95.6787413872433","95.2769779609054","95.039987074744","86.9172198227185","71.8119725551454","61.4221237598082","66.1748947134091","60.302903368448","51.164844775703","37.894947135428","33.5256011864617","",
"Gambia, The","648","Exchange Rates, Nominal Effective Exchange Rate, Index","ENEER_IX","Value","440.522485397319","484.93689759461","495.7971855534","501.404431054088","503.067937588661","438.700948529611","443.730964881038","221.504637746342","200.242745844568","218.032125315382","228.988167835207","236.580481425157","229.719982087591","233.560377238203","263.427688649709","281.983068654696","269.239639289697","271.3995376724","281.319689456845","284.939832085654","271.871723260321","264.233236886464","225.029256519939","175.728731441112","111.650182531486","98.616092970635","102.815465520492","103.408834372865","111.105287247971","119.233356789937","104.413703414433","100","92.691418029657","88.7149328769319","79.1411133253333","68.876128069058","65.0252706155731","74.7613159184633","72.0824267698943","68.7460621036829","69.0246225520718","67.690385166855","65.6011358221635","",
"Georgia","915","Exchange Rates, Nominal Effective Exchange Rate, Index","ENEER_IX","Value",,,,,,,,,,,,,,,,"92.230303001519","58.712554002961","69.2558348270026","82.3448567323987","89.0930287876762","75.3286465834314","87.9135771909911","93.9621728895932","94.2079306311963","90.3902536920248","95.6636252384125","98.8949039703087","100.282607899825","100.150164042463","108.630229765537","107.203544017877","100","105.185684744087","112.473299081734","113.725934660402","113.252716151575","104.91008482506","107.036780021828","102.971778776538","105.739484831509","100.119405038761","94.6488944931786","93.2249770193756","",
"Germany","134","Exchange Rates, Nominal Effective Exchange Rate, Index","ENEER_IX","Value","74.3759110733692","74.6614198702721","71.0763927431859","74.8665473522112","77.6854210224828","76.8152073775944","76.8276390097506","83.5658499190503","88.464261645267","87.7988852831313","86.9296738873981","91.4543594849591","90.432794918075","93.3076999158649","95.7280853997646","96.446539625421","101.786170428197","99.7978556305865","95.3267249630506","97.2881852831571","95.7364848359573","90.6938401527081","91.6132121916757","93.3831640921199","99.4133403240863","101.487887612333","100.150624028171","100.103319177259","102.043726024173","103.84684563738","105.177362003565","100","100.283388397003","97.2201347290956","100.157583802953","101.534092642354","96.0733799643915","98.4295860328379","99.7581585061445","102.562451169019","101.551065473776","103.931439543982","104.723553191847","",
"Ghana","652","Exchange Rates, Nominal Effective Exchange Rate, Index","ENEER_IX","Value","161296.959486068","163192.73433824","189486.416091312","214631.584662147","185895.633712651","22018.2267074362","16070.0785009244","8809.55695219259","5126.77142152003","3994.13350015863","3509.39745337357","3076.32733122342","2912.7267525663","2587.52308599148","2027.01008339322","1492.06072952092","1146.53391010571","864.638226296462","749.809742972024","706.756516081813","630.264703796785","343.657680853897","263.34392013413","234.19123837506","189.733305559828","169.706298871724","166.828887778179","163.445069717849","151.576906162371","131.009970524945","101.824449268966","100","90.8686607615483","78.7246032748377","72.6894322666182","50.700944811798","43.2249515305908","43.1761746673572","39.1208171421293","36.7484331488011","33.6609910070837","31.7737504454255","29.6159845407504","",
"Uganda","746","Exchange Rates, Nominal Effective Exchange Rate, Index","ENEER_IX","Value","294054.850154403","311757.291683383","159148.235863106","33497.0632232399","24514.9964589155","14331.1795446726","9242.38973863889","4062.66997740621","2032.58138170676","765.755862662933","419.385570011079","251.525177453241","165.89465834427","116.01830229249","140.831094722982","192.933410388489","187.486687290232","183.696734456985","187.128313665986","171.233338442617","151.152181210284","143.335250177831","141.133438365672","138.50203529196","115.696404371558","120.027791245309","121.033352905286","117.882048543383","120.250352380634","119.420023349552","108.082750949066","100","86.5907986841911","90.3402016771134","90.8586399494595","92.8949876911931","82.0159061225187","80.7576481523913","77.860411224844","75.6814884194489","78.5433312815043","80.1502564713637","82.4020240434497","",
"Ukraine","926","Exchange Rates, Nominal Effective Exchange Rate, Index","ENEER_IX","Value",,,,,,,,,,,,,,,"3705.22175373441","1030.84180684578","258.595516184331","221.817082278233","256.47101387865","235.94939730881","188.094531277844","161.489959469622","174.773283282825","178.706425707135","165.301051510081","155.840987576842","158.874784557137","158.542434256195","148.432514857512","137.84373523574","103.059366875071","100","97.6025258258828","104.004914935203","104.737936875884","76.5772276689761","49.9008740949485","45.1840555368942","43.1615904575995","42.3149811586601","46.7166048143967","45.9297323446612","44.7781457107639","",
"Italy","136","Exchange Rates, Nominal Effective Exchange Rate, Index","ENEER_IX","Value","140.642017508833","136.91371721636","123.032989080913","115.679908893744","112.938943896677","108.912939637626","104.80688733264","109.064017456318","110.948706937184","109.676561262581","113.382713799868","119.785118167736","117.718643667025","114.226761922722","94.9999601617393","91.3858534685698","82.8353541101481","91.1245210710319","92.5138617564686","93.8442636850488","93.3312416724684","89.3789570704738","90.9941097270979","93.261296497124","98.7662099045549","100.625378595786","99.4646038442687","99.4635453377249","101.076008935624","102.792281975023","104.225440675641","100","100.476563757477","97.9465442860587","100.548046521733","101.810992749829","97.2444031144453","99.4461947213101","101.151561059494","104.040132237668","103.048184816132","105.229029136929","106.406997440853","",
"Africa","626","Exchange Rates, Nominal Effective Exchange Rate, Index","ENEER_IX","Value","99.4268697058136","102.786511356282","98.4101068691065","96.239264423262","95.7865659919278","98.7631637431221","106.273292733242","115.583235684234","122.157328613183","126.777269948748","134.047844186369","153.266879485887","156.602433357423","167.147124179153","175.44460386627","98.5433124293829","101.593773513688","102.324282497367","98.710898864912","99.3514577032889","97.4049575442801","93.2209571201319","93.6643593905321","95.1100437150288","99.1052035665439","100.275937534701","99.1321887068974","98.9680752693848","101.969853019878","104.896579604869","105.21987856363","100","101.189789236669","98.07343619867","102.063171786489","104.454782619323","99.1775160634351","102.241392017977","103.528046337372","107.089674539547","105.762046766694","108.362697239144","109.679866717121","",
"Israel","436","Exchange Rates, Nominal Effective Exchange Rate, Index","ENEER_IX","Value","144239.77483179","71649.2058180112","36282.1629122973","18858.3507374268","9180.00505398785","2243.81040185228","490.987103908777","293.370451373252","245.241728909314","238.614427992172","209.918344631779","184.110193538679","164.635530736343","148.482145673284","136.357738543866","126.031334929824","118.322752433855","114.939384081434","114.020997234332","108.406178452512","100.282915813574","107.895369487706","108.786349260631","95.1185952957467","91.6116306619694","88.424118655242","87.428722767657","87.5808745625125","90.8034015396973","101.013032606462","96.0301258106098","100","101.290657318704","97.1210780488739","104.291409521079","106.775307743147","107.307409706445","111.44879790343","118.964068217287","118.60742724936","123.538087141039","129.074068077397","134.973399727967","",
"Netherlands, The","138","Exchange Rates, Nominal Effective Exchange Rate, Index","ENEER_IX","Value","84.8620435301653","84.9513983707878","80.8911505071229","84.9553347612484","86.2072207591128","84.6744953686199","84.4579377653664","90.7898540545115","95.2310819596042","94.7299583480403","93.7177272884845","97.5436140459088","96.4737904775429","98.6197131408616","100.789355520365","101.131622711976","105.759947961685","103.558511982747","97.5668943858593","98.4844778629091","96.3159703496418","91.2354286078302","91.812666973185","93.3669253409925","98.5798542862701","100.278973063191","99.4841191040328","99.4014771099912","101.143175448879","103.206467645789","104.273396429717","100","100.301376866831","97.6433746689327","100.174710840203","101.187640049409","97.1024152037044","99.2326080573807","100.369272967381","102.764788893891","101.934312706899","103.900459523201","104.489135714106","",
"Spain","184","Exchange Rates, Nominal Effective Exchange Rate, Index","ENEER_IX","Value","140.608167138788","132.43849350447","121.53064590842","116.429741715659","98.6816998688888","98.4764275646285","98.5580016392279","100.570817630537","104.772896509276","111.665387317783","120.185112401226","130.062128183906","129.652869947478","126.659220966609","111.487621714192","104.101329455066","103.701502744433","104.528858096054","99.6869907831001","99.6734919631792","97.8085848544212","94.2964192117182","94.7523739010494","95.7278939989679","99.2879833679754","100.337984084013","99.6233144494169","99.6828265449571","100.989296469534","102.538079809671","103.455071454377","100","100.51740387692","98.3884657766531","100.779665485276","102.097884697513","98.2166166198436","100.55775575682","101.949552256934","104.616812198502","103.884719383944","106.105528542231","107.081563641545","",
"Algeria","612","Exchange Rates, Nominal Effective Exchange Rate, Index","ENEER_IX","Value","1060.01776952029","1082.34280069093","1179.52879821715","1285.63615944738","1389.8141464658","1517.25164544149","1591.93034584878","1368.3994278799","1180.14689559802","980.493951337406","841.167744342464","671.654524855818","334.672196836636","270.633561245299","280.406675456745","198.732137867522","131.173268564961","117.802226117838","126.392504315662","132.339599120822","125.060163921527","124.416755925766","128.764875000489","121.974733718166","110.667389702986","110.270671663875","107.420235103653","107.496280020421","105.473654261954","107.873267038144","101.439711681552","100","98.3265214845329","97.4905372174781","94.5815242984984","94.6060830467698","85.8390347468217","81.1062421390043","80.6090609181399","76.0965652454903","78.1204242756081","74.2962700990687","68.1517784189964","",
"Belgium","124","Exchange Rates, Nominal Effective Exchange Rate, Index","ENEER_IX","Value","106.669675248191","105.937549607347","100.321612296951","90.8514205195639","87.9612536104632","86.1580291590238","86.6484235416551","90.6183815449678","93.852366570142","92.604655136959","91.9466716104347","96.6644538350092","96.5653786296046","98.830773042515","99.2610554948985","101.038201125093","105.627274161832","103.257981954611","97.419597056892","97.8366539261618","96.3113542409067","91.8181164206373","92.1836614490716","93.871134591143","98.5923535476516","100.113851702759","99.3601587469417","99.4310264782948","101.010134185016","103.119506477435","104.222740614887","100","100.536011581438","98.1103620196946","100.848040075267","101.915921341892","96.8490603018685","99.0359944327532","100.287929912131","102.893803372888","101.88444922898","103.883987706912","104.663864847887","",
"Euro Area","163","Exchange Rates, Nominal Effective Exchange Rate, Index","ENEER_IX","Value","44.3377212179812","45.2692898863022","39.0192292332673","38.0577651954462","37.3098271068366","36.1374581911259","37.4271843694211","45.4189151302478","51.1063528914093","52.2659198753365","53.9325551698793","65.8545380827082","67.3930017740771","74.1197482052272","74.4258146088589","80.9776333463674","87.7889071525256","89.4972585837255","83.4569110672847","87.557869263602","86.7411872453447","78.2146087295135","80.0218942854712","83.7411376395105","94.8531759849731","98.9919184947593","97.1631405103814","97.1989440517666","100.887548732522","105.224484247963","108.12175333887","100","101.062168441935","96.3959065140925","101.202772167998","103.858276344857","96.4261215967936","100.606564009665","103.156788673953","108.328230468538","106.646730842685","110.788849665304","112.61819648748","",
"New Zealand","196","Exchange Rates, Nominal Effective Exchange Rate, Index","ENEER_IX","Value","145.364025935816","137.301599704289","132.30590241581","126.347616569385","119.529920009723","109.083960831455","100.482294179699","92.8161766088526","95.7338342358779","99.8346625671785","94.2827037090299","90.9154601873516","88.0378399795499","80.6252949269391","84.825117055488","91.1932449296303","95.7772854105404","102.177195510799","104.851367628175","91.8206006620257","88.867137846797","80.5018483696083","78.7314710650237","84.9988807258633","96.5861408662545","103.020548266907","107.883661618017","99.210974339632","106.277385201675","98.9753188376662","91.3918982070843","100","103.628613891169","108.414079675882","111.768846213732","115.568436100919","108.323947191962","110.099416000475","111.807577369344","107.465211495833","105.902695158701","104.508253078133","109.905025039675","",
"Nicaragua","278","Exchange Rates, Nominal Effective Exchange Rate, Index","ENEER_IX","Value",,,,,,,,"34023591076.7457","32259408562.5565","48559567.4832333","109587.470375356","10184.1895797851","251.528748393959","264.593537581973","262.598855281461","278.789554937982","247.682554239047","229.347121181712","214.078917284226","199.507812077231","182.022295208907","173.766845368276","169.886984784529","160.233520439256","147.789512890942","137.966037802091","130.062912649148","123.288347191843","114.778261035625","107.587162874796","107.014334888542","100","93.0004541401205","90.6034208615255","86.5786717069202","83.637791991475","85.2962157442664","84.0318691800137","80.0163352639407","76.2617025202024","74.194944604342","72.8200559788766","69.9211268334673","",
"Chile","228","Exchange Rates, Nominal Effective Exchange Rate, Index","ENEER_IX","Value","72.2453440778158","74.6311253491769","88.1496990992713","85.1814987212734","64.9350428187852","65.8138644971015","50.7342866506918","41.5966779955281","37.7243968748141","41.0523988509461","56.8386737559637","70.2822620633079","71.4425000965741","78.9881309020038","89.3420225923056","106.453984134763","112.411994736476","111.818207497676","116.952805192783","111.96054383733","105.330035603169","103.402807424189","92.6636056230228","90.2247488009624","85.4495185771973","92.1498832202406","97.8916122835755","101.699798167882","98.4354640997294","96.240528621832","93.4136799319527","100","101.981365036894","104.71579584858","104.46624920426","93.1490186006404","90.3672175114408","91.0612989240903","94.5832250094294","96.339011272513","92.2171395318048","84.1033391973871","86.4107911642633","",
"United Kingdom","112","Exchange Rates, Nominal Effective Exchange Rate, Index","ENEER_IX","Value","140.002152336921","153.806855476876","156.037805364295","150.112635895588","139.831313747821","134.177974606446","134.54908506832","124.008719148538","122.006566500118","129.277672019723","125.39100643751","123.676840966195","124.364358981435","119.774288893214","108.942695987626","109.381103012939","104.391937889885","106.158497827072","122.117094162075","127.350667627062","126.353551155369","128.861356505848","126.680412931153","127.779728918136","123.035996129379","128.75145263491","126.679087859849","127.307284360651","129.864955121439","113.762407307635","100.714165761445","100","99.2782898739691","102.816387367976","101.150788830733","107.832035128577","113.450410973436","102.375576272035","96.4823751284891","98.0872010774436","97.8248126191057","98.2635533275305","102.572616421978","",
"United States","111","Exchange Rates, Nominal Effective Exchange Rate, Index","ENEER_IX","Value","33.455730103246","34.5388382846429","39.2586439296943","46.7200138245968","53.605291223503","61.7290352574923","69.7909081837227","62.5980617372418","60.0330533106522","62.1369283304855","72.4610056731582","78.7507859644281","81.3275839602682","83.3261691837081","90.679420640783","96.0298655473537","95.0460491738081","99.7318150599424","106.798835967327","116.543311883553","116.186075098326","119.263849467042","125.419620787482","125.443861214032","117.424010203994","111.493441011906","108.806163786641","106.885489757877","101.96721110531","98.1399148979279","103.800582054902","100","95.4731712391545","98.366748892415","99.3814096110552","101.687059001633","114.170853246877","119.441334784571","119.323621204693","118.088858970041","121.83553674755","123.865835433115","119.027935471708","",
"Uruguay","298","Exchange Rates, Nominal Effective Exchange Rate, Index","ENEER_IX","Value","337.144605820714","341.990389642295","377.981671292542","438.018272516816","258.263957544619","250.673789671219","226.811885263317","165.172212953168","131.918722115623","128.911705141356","163.78847261396","197.899236730252","162.859792335639","154.204959540995","192.808089340544","254.28255834386","212.737144803609","175.494377213432","156.059205809902","146.196176509599","147.707718212215","143.310796559855","139.495032220129","118.329770099426","81.4480834892265","76.9192196433432","86.6297905487407","86.4247726296233","84.3382459481202","91.1569220197366","90.8674366245746","100","101.417409145949","102.33579315785","105.610237133047","99.1352735823926","96.7661648889737","95.2993476309829","99.726097927985","99.1312583560611","94.9584106106332","87.011217689288","84.941269749773","",
"Venezuela, Rep. Bolivariana de","299","Exchange Rates, Nominal Effective Exchange Rate, Index","ENEER_IX","Value","18577.8613045218","19184.9502251023","20973.036442984","22815.9793320926","24591.6428126784","16979.748384851","16518.282518212","14777.9510693014","7773.00802482033","8110.39327205583","4301.30272832397","3075.5782036195","2755.67913173083","2478.19188186389","2184.01884832789","1572.77040587546","1265.01730197776","569.729864774616","491.356408531528","466.395537023126","446.536660165054","417.430044399527","409.915209507491","274.325857919027","185.340636113883","151.830301803314","132.540407947257","127.206663261106","121.702406202107","117.858599048081","123.643135944243","100","58.574002294041","60.0150084850605","43.3706719427918","42.1733826661734","46.5641080738546","34.10866344671",,,,,,"",
"Togo","742","Exchange Rates, Nominal Effective Exchange Rate, Index","ENEER_IX","Value","85.8009379575621","87.8578881397387","82.6284740355265","78.8364453299649","77.5720298225592","79.7238110099594","83.9361153816412","91.8507250409997","96.9651582542094","99.9531230463842","105.024377148679","122.414588073048","124.239446401106","133.476698768169","138.95858017774","76.1042491186382","79.6691762997763","80.7461449135244","78.5097727016856","84.9950004596465","83.4684957974209","81.6417102497485","84.211832186872","86.9603559693527","94.4954227742184","98.0404054020205","97.3332623237887","97.0257689149737","100.091446717611","103.029443521011","104.849501991469","100","101.585263655775","98.2742540985103","101.542831269511","105.791556496623","101.003388877592","104.517208671911","108.041928199192","111.917480919263","110.992243933909","114.440158273482","115.190289542795","",
"Malta","181","Exchange Rates, Nominal Effective Exchange Rate, Index","ENEER_IX","Value","80.085841771674","81.9497491266761","88.1169047375871","93.6371619324683","97.898629055453","102.374893649837","104.410228005869","99.2420077912173","98.1452363777378","98.9017424481054","100.12404180594","98.4910880406544","98.7289220102781","97.4726456848373","91.5679886082105","91.9684589657855","92.9906561629795","92.4624850000209","92.8124029660341","96.749743733299","94.7263112273801","91.6797680502665","92.2403890944498","93.5354079867193","98.292068606779","101.583436134752","100.273685632294","100.515438885917","103.691908981896","105.690254633311","105.423584137138","100","100.385801964285","96.0874852320878","98.8137640662806","99.4791272470834","92.263476615325","94.5942245030814","96.2557127723276","98.6113253109167","96.981241427864","98.6287945906148","100.207789676966","",
"Croatia","960","Exchange Rates, Nominal Effective Exchange Rate, Index","ENEER_IX","Value",,,,,,,,,,,,,,"2460.06395247096","236.572817980393","94.0648207617583","100.532864867526","100.510656340879","99.6595949586449","98.6328231176616","91.957775857173","90.12300440651","92.8820895252128","94.4728530662064","95.4412635981506","97.2405868256087","97.6674666990292","98.7148750461183","99.3284508886618","101.677189601264","101.391058833542","100","98.719337835862","96.1239623014825","97.2699516865912","97.5286149431798","95.3705293761307","97.5056040928653","98.8998332723078","101.239619380591","100.978473380188","100.910940427625","101.774091159201","",
"Cyprus","423","Exchange Rates, Nominal Effective Exchange Rate, Index","ENEER_IX","Value","62.2414508921723","63.797403523181","63.1528638065097","64.2150476750973","65.1905579286227","66.7655890673185","69.5828603082196","69.6513199478729","67.777054044117","68.8983666648441","71.4271109876495","74.3707606073729","75.9422770220705","78.1739297177982","78.726589678929","81.5061350371055","84.6324378106508","85.7782060895235","85.056769983597","89.7761981465893","90.2775269037866","87.1253485704409","89.3043020649887","92.204704226416","97.272800899948","99.0795302712039","98.6865998673132","98.6456145744992","98.622053761811","101.485115574036","103.898816587539","100","101.209569111388","99.5995943944039","103.017201096381","105.969839037189","100.602837265249","102.97856775074","104.62656369906","107.524046911434","106.963501793769","109.214101071257","109.904655766812","",
"Czech Rep.","935","Exchange Rates, Nominal Effective Exchange Rate, Index","ENEER_IX","Value",,,,,,,,,,,,"91.5853138745033","63.7244497169018","64.5512857528513","67.9387933859134","69.832163214018","69.8773080337932","70.9521628287828","68.3102253539251","68.6706532672584","67.8535136829625","68.3194665457304","71.3137599274293","79.5685964070843","79.5735679780563","80.0604378242681","84.8680835895099","89.1426485608717","91.5044362021714","102.832311379221","98.7739914885986","100","103.20785379783","99.034164967312","97.4732844145179","92.7556600529181","91.0267158997157","93.6746512239538","97.1370751787608","101.632802151523","101.0992376102","99.8108197209647","103.737594893052","",
"Denmark","128","Exchange Rates, Nominal Effective Exchange Rate, Index","ENEER_IX","Value","104.92603852642","96.5148976032991","90.3782612417885","86.8159646930956","86.563036589659","84.0297697230073","84.9685353586288","89.0942142462688","91.8732031036401","90.1662252117642","88.1005886587459","94.0637888276395","92.6026456723749","94.9493106487237","96.9996317828658","97.5055379189341","101.977588806596","101.034197537866","97.5624269151694","98.7688010708887","97.1307175796423","92.350386028259","93.2774117353364","94.4227399750184","98.9035674863886","100.44477747516","99.4546719767041","99.2802306555068","100.823159591611","102.642324727678","104.812477071346","100","99.6306492601482","97.0265614772453","99.0165759540535","100.559713957431","96.869824611164","99.2074053603545","100.470625054462","102.909481729321","102.260079663765","104.312061451536","104.748244295865","",
"Dominica","321","Exchange Rates, Nominal Effective Exchange Rate, Index","ENEER_IX","Value","56.6591451126443","54.9744583632057","58.456619133811","62.3667628452364","67.3812129949541","76.9572758854279","81.8024772449996","77.1513067236333","73.4300033556509","70.8762041081367","74.143137872658","75.2215446311136","78.4249678223935","81.2825946368891","88.3465264184383","93.1562847380144","90.3432659121217","92.3606499358134","94.5513240708553","97.0729172230473","98.0172456810066","101.232301760378","104.304992930316","105.220315192408","105.10024955883","103.135506921422","101.036395197402","100.886446771379","98.0827616635052","96.4623007177414","100.250961117768","100","98.4274383726004","100.699629431817","102.007710911001","103.123255886555","108.420371764987","109.925473633834","109.74201582498","109.137232044059","111.557237639757","112.317356954649","111.030846420565","",
"Austria","122","Exchange Rates, Nominal Effective Exchange Rate, Index","ENEER_IX","Value","83.313958663987","85.6103712762464","84.3747655375258","87.0637015122504","88.6646414787755","88.3517757889118","88.6225519189823","92.1590366389144","94.8511724046327","94.6536992445741","94.4015184894835","96.8957597156106","96.2131848707346","98.1007125742856","100.709328853023","100.940928940918","104.83935619298","102.997868743324","99.790306358279","100.221691758301","99.2185233837093","95.9477331123524","95.7965696867561","96.4378826211281","100.036045631463","101.221532127556","100.167396907778","100.120132950128","101.214875181561","102.11020463174","103.446060593996","100","99.9607817373471","98.0968243256003","99.9953906538448","100.964180068542","97.3779166994446","98.8908858898373","99.72290821039","101.651897318104","100.892212244548","102.447315354333","103.110430253084","",
"Bahamas, The","313","Exchange Rates, Nominal Effective Exchange Rate, Index","ENEER_IX","Value","70.0567018278391","70.6997652192003","74.5732670332412","78.1750434824361","81.6728288497904","86.1086773332016","89.275579902833","85.260311898565","83.353533499639","84.7660796747498","90.161103771517","91.3051760780908","92.210833348512","92.8586091512937","96.2968981979113","94.6022022211065","91.7741960087057","93.7718166654529","99.8809562159482","106.779372695509","104.779889338151","107.683610760955","111.497530572042","109.754725734706","103.353601808968","99.3929211019052","98.0943966119635","98.6400080962387","98.0881252566381","98.0671570540364","99.6135502077664","100","99.9144159533331","100.632436122488","101.399581856979","102.111768893392","103.821097587238","104.509795197081","104.813951771925","104.594759724946","105.636811151098","106.166083770791","105.492644140617","",
"Bahrain, Kingdom of","419","Exchange Rates, Nominal Effective Exchange Rate, Index","ENEER_IX","Value","105.37526292111","105.860508366242","115.332511276559","126.516971714003","132.714956405254","140.647380613552","145.319297735874","123.567635592617","111.346673759426","105.070600258987","109.411997306416","104.498824415878","104.834343759679","102.981688643252","108.431811873788","106.281509769173","101.179857992789","103.662616975049","110.124090641018","114.779262664302","114.344812586291","119.970893790256","124.513252648378","122.17529600984","112.585173398025","106.850269003752","106.050535200934","105.664001768771","101.513380784675","98.6438418835623","101.836473419416","100","96.6458617192894","99.0916403003909","100.271939456706","101.485791114822","108.505689467037","110.877626470633","111.806536958683","111.142806955024","113.609096595732","114.062238583249","112.295719306138","",
"Norway","142","Exchange Rates, Nominal Effective Exchange Rate, Index","ENEER_IX","Value","115.599152538742","118.268527063214","118.992828991885","120.077106675789","116.065976931262","113.131965170867","110.66052797269","104.189632331068","100.266354464743","99.5473548767936","98.9870620711148","99.4221262256521","97.4109770138904","98.5588293358218","95.5858062960297","94.2038938771146","96.7219761987009","96.9044174998545","96.8507138886754","93.6486444963322","92.129492023101","89.0742156665144","91.4869719391879","99.6791220183791","98.3829676239798","95.5201594768175","99.1167168977319","98.559517502587","100.562069783583","100.894836871569","96.8918233119229","100","102.424592483191","103.273338502557","101.306206388052","95.5283910213528","85.1617974931696","83.5800011575536","84.3652618165585","84.2083266978724","81.6413067843415","76.1652590784471","80.4995402947311","",
"Poland, Rep. of","964","Exchange Rates, Nominal Effective Exchange Rate, Index","ENEER_IX","Value","39131.6703229755","38977.7146112461","40026.0848099144","27235.3805357482","27994.0691415939","25659.2909228881","21318.154902797","15103.8853017526","9107.07389205607","5663.63386279322","3053.61026427765","277.809641964348","261.079265864855","203.016805746515","167.827423907253","135.398676722927","118.220888617044","110.686581842915","101.802729739448","99.0502926525425","91.8455776954638","94.2940500992065","103.476469708481","99.193253068124","89.7914323235254","87.9203373039446","98.0775218641153","101.17354255404","105.142170974652","115.029059239548","95.20747321255","100","97.6900822722258","94.329466671355","95.8763697899367","97.9795493670755","95.9144020060135","93.9570445841849","97.1935878067348","99.2051048237172","97.8638518443577","96.4004824879157","94.3552716660663","",
"Portugal","182","Exchange Rates, Nominal Effective Exchange Rate, Index","ENEER_IX","Value","287.159088732381","279.032500798422","271.966002739272","239.559162538796","190.030604103619","157.541939896785","139.66027501461","126.872962205997","117.39498217095","111.066897935511","107.650347620373","106.020757349273","106.536685163694","110.321603488131","104.107619881172","100.444032348474","102.122589463023","102.357808137686","100.17060094693","99.3667253998915","97.8184084081935","94.7809650433398","95.2134428714429","96.0355712539178","99.1123783892096","100.011785779202","99.4611342451622","99.3913845318656","100.45035185822","101.733240915437","102.343363423618","100","100.401344800629","98.7135344635154","100.379752373661","101.05399642515","98.0156395225593","100.217262191984","101.19778500845","103.68975316674","103.53281322717","105.914250966245","106.603572239219","",
"Antigua and Barbuda","311","Exchange Rates, Nominal Effective Exchange Rate, Index","ENEER_IX","Value","87.5329361282994","86.8434881707849","95.1738525259263","102.335772711368","109.075334893322","116.967708350252","120.547641750595","108.800208035023","101.560297954547","98.9724625317156","102.931000053991","98.2245475846076","99.398773338156","99.3868888414146","105.62148734572","105.646179875192","102.38609381299","104.031290194145","106.148611193238","108.261910831695","106.649485971694","107.345036416905","109.998261360057","109.680542959069","106.21188035396","104.152486866567","102.920785384599","102.249538807175","96.4999963885773","93.6975131171547","100.252591316634","100","97.1532367464558","100.802508578695","101.116503983933","102.078877439789","111.871882006396","114.728287970571","114.031668722605","111.59721511013","115.798716133798","116.322725331488","113.773288303171","",
"Armenia, Rep. of","911","Exchange Rates, Nominal Effective Exchange Rate, Index","ENEER_IX","Value",,,,,,,,,,,,,,,,"19.9354288525323","27.9077644881621","60.1123424440956","56.3920821361301","59.1869635501196","64.3623842374134","70.4291785285358","71.8795271376202","75.7522269248216","69.8981276870898","71.6599968425913","82.9679536920556","90.8702750016568","103.97888586826","111.871117295512","103.046617953267","100","97.8895371070775","95.0615289507878","95.4863499145522","100.222150573813","103.471595665885","106.304410417199","105.676933919223","107.897756692768","114.069352982039","116.249080711395","112.814836302417","",
"Morocco","686","Exchange Rates, Nominal Effective Exchange Rate, Index","ENEER_IX","Value","103.985146171933","105.319725233622","97.4078977352317","97.3855342870153","94.369435989674","87.1924014108487","82.5838782688031","76.4946666819662","75.9381617426374","78.2896399667692","84.4740648134","85.449150501701","86.2505982746886","88.4744410296295","93.5118619324535","99.6350007030293","101.09341973614","101.39508185959","101.999215578566","103.550685427301","104.096148037887","106.620986417516","103.879449461924","102.510244755641","102.605341608547","101.965383515276","100.70830284175","100.652372099414","100.580802556264","101.277374131359","102.997611433419","100","100.247185882002","99.7507603845204","101.824402456144","103.021350095621","102.204450799728","104.067640116871","105.298057531454","106.969385796044","109.698407306234","111.723613674235","115.354980734928","",
"Mexico","273","Exchange Rates, Nominal Effective Exchange Rate, Index","ENEER_IX","Value","34332.067367988","34866.5670210116","34727.529216285","18108.1396429938","8027.03266635384","6071.06692921157","4322.32599992415","1752.08123075478","740.052228304688","441.806004273236","444.451760491167","410.196330690712","391.257624796501","389.710014361045","408.719184553311","393.594447520927","204.253927888005","174.149469990892","169.880758006642","150.423877232858","142.091865354381","144.573494713654","148.322918287383","143.408321141075","125.324307859503","117.996921928637","121.051903173683","120.229725761314","117.323387160828","113.875187110414","94.6947511425813","100","99.8614021326459","95.0300483325111","98.6315412041019","95.5883833868706","83.9704095889811","72.2569140169081","71.1433278641572","69.3125846953327","70.2942687552196","63.5239076219238","65.933848528927","",
"Moldova, Rep. of","921","Exchange Rates, Nominal Effective Exchange Rate, Index","ENEER_IX","Value",,,,,,,,,,,,,,,,"69.9732551663641","136.731018365625","151.695657896339","175.160252219688","173.634502590112","112.079862066526","109.498188502593","112.300225042562","106.665431171533","94.9013336021031","100.981106194714","96.4628437738972","91.4919116176697","91.6047640479335","103.384095554387","110.358507671289","100","102.515538860192","106.887552077309","102.066768306197","96.0488839162258","88.1801533077245","86.8382014824337","93.0553721465727","101.88512164073","102.522820827863","106.205948192468","102.807543270862","",
"Nigeria","694","Exchange Rates, Nominal Effective Exchange Rate, Index","ENEER_IX","Value","10833.3967093993","12034.7452134412","12442.3905472937","13017.7144869676","13520.4547846487","14454.7859542096","13285.285769599","7411.35817624332","2233.44371828657","1831.14249136664","1226.53484479838","1236.3257535768","1015.0279789504","646.687851561849","492.903984106187","645.688412134565","617.932214846708","639.589677858146","689.678890005395","753.10996070435","183.933077395246","178.62755950944","172.115863973628","156.582298137947","132.391778976329","120.350087181161","120.267496766385","121.194750026483","117.594653383578","122.023601055416","102.575978408278","100","94.4687447537709","95.3647747357033","96.074444177132","96.7026247698236","86.9082468236364","71.4778491795044","56.836768471904","56.1448774337846","58.259028849146","50.6656148148711","43.3834670540152","",
"Philippines","566","Exchange Rates, Nominal Effective Exchange Rate, Index","ENEER_IX","Value","556.84360551469","553.273430242582","551.344087252946","549.436991818125","438.530215863622","301.132050282608","272.477662289066","214.626284845888","194.869918556932","179.663047314178","179.291825998751","163.747023113861","148.090971492979","162.521349522634","163.017201339908","175.476762048629","173.402511567516","176.878241011456","169.644751834084","132.68207823948","133.259237385491","119.008087224134","108.229844877933","106.688990291553","96.7620707865444","90.1555756163912","90.8911590632355","96.9545051613665","104.505543081313","103.546862886746","97.6104036175119","100","99.0487389541972","102.80956219889","105.00022382933","102.135427680035","107.33879555058","104.324276891885","98.3593620366062","92.4628660551393","96.1688533565823","100.230389747194","98.1556162493957","",
